name,time_limit,energy,solver
1899802599_50_10,150.0,26075.99999999996,CQM Solver
2013025619_50_10,150.0,26062.00000000004,CQM Solver
578962478_50_10,150.0,27545.000000000007,CQM Solver
1958948863_50_10,150.0,26560.99999999999,CQM Solver
575633267_50_10,150.0,48206.000000000015,CQM Solver
655816003_50_10,150.0,48627.00000000007,CQM Solver
1977864101_50_10,150.0,27137.999999999967,CQM Solver
93805469_50_10,150.0,51307.99999999999,CQM Solver
1803345551_50_10,150.0,26455.999999999884,CQM Solver
479340445_20_20,150.0,2552.0,CQM Solver
268827376_20_20,150.0,2412.00000000002,CQM Solver
1958948863_20_20,150.0,2530.000000000021,CQM Solver
918272953_20_20,150.0,2519.000000000005,CQM Solver
555010963_20_20,150.0,2559.0,CQM Solver
2010851491_20_20,150.0,2492.0,CQM Solver
1519833303_20_20,150.0,2471.0,CQM Solver
1748670931_20_20,150.0,2455.0,CQM Solver
1923497586_20_20,150.0,2522.0,CQM Solver
1829909967_20_20,150.0,2451.000000000001,CQM Solver
587595453_20_10,150.0,1784.0,CQM Solver
1401007982_20_10,150.0,1842.0,CQM Solver
873136276_20_10,150.0,1667.0,CQM Solver
268827376_20_10,150.0,1578.0,CQM Solver
1634173168_20_10,150.0,1623.0,CQM Solver
691823909_20_10,150.0,1558.0,CQM Solver
73807235_20_10,150.0,1657.0,CQM Solver
1273398721_20_10,150.0,1691.0,CQM Solver
2065119309_20_10,150.0,1746.0,CQM Solver
1672900551_20_10,150.0,1775.0,CQM Solver
873654221_20_5,150.0,1325.0,CQM Solver
379008056_20_5,150.0,1382.999999999998,CQM Solver
1866992158_20_5,150.0,1185.0,CQM Solver
216771124_20_5,150.0,1400.0,CQM Solver
495070989_20_5,150.0,1316.0,CQM Solver
402959317_20_5,150.0,1285.0,CQM Solver
1369363414_20_5,150.0,1280.0,CQM Solver
2021925980_20_5,150.0,1273.0,CQM Solver
573109518_20_5,150.0,1299.0,CQM Solver
88325120_20_5,150.0,1199.0,CQM Solver
496319842_50_5,150.0,2990.999999999988,CQM Solver
1203030903_50_5,150.0,3322.9999999999786,CQM Solver
1303135678_50_5,150.0,3153.9999999999845,CQM Solver
1273398721_50_5,150.0,12553.99999999999,CQM Solver
587288402_50_5,150.0,11892.0,CQM Solver
248421594_50_5,150.0,3146.999999999988,CQM Solver
1328042058_50_5,50.0,12357.0,CQM Solver
1539989115_50_20,300.0,105039.0,CQM Solver
1958948863_50_10,300.0,26513.00000000001,CQM Solver
1328042058_50_5,300.0,3051.999999999988,CQM Solver
691823909_50_20,300.0,99918.0,CQM Solver
575633267_50_10,300.0,25770.000000000007,CQM Solver
200382020_50_5,300.0,3219.999999999988,CQM Solver
655816003_50_20,300.0,98262.0,CQM Solver
655816003_50_10,300.0,25703.0,CQM Solver
496319842_50_5,300.0,2943.0000000000027,CQM Solver
1203030903_50_5,50.0,13031.999999999987,CQM Solver
1203030903_50_5,300.0,3241.9999999999964,CQM Solver
450926852_50_5,50.0,13420.999999999993,CQM Solver
450926852_50_5,300.0,13209.999999999944,CQM Solver
873654221_20_5,50.0,1332.0,CQM Solver
873654221_20_5,300.0,1308.000000000001,CQM Solver
379008056_20_5,50.0,1383.0,CQM Solver
379008056_20_5,300.0,1383.0,CQM Solver
1866992158_20_5,50.0,1176.0,CQM Solver
1866992158_20_5,300.0,1175.0,CQM Solver
216771124_20_5,50.0,1413.0,CQM Solver
216771124_20_5,300.0,1401.0,CQM Solver
1977864101_50_10,300.0,26368.0,CQM Solver
93805469_50_10,300.0,27222.999999999825,CQM Solver
1803345551_50_10,300.0,26149.0,CQM Solver
1315102446_50_20,300.0,100869.0,CQM Solver
1923497586_50_20,300.0,99232.0,CQM Solver
495070989_20_5,50.0,1330.0,CQM Solver
49612559_50_10,300.0,26215.99999999999,CQM Solver
1303135678_50_5,300.0,12344.999999999996,CQM Solver
495070989_20_5,300.0,1291.0,CQM Solver
1273398721_50_5,50.0,12705.000000000016,CQM Solver
402959317_20_5,50.0,1292.0,CQM Solver
1273398721_50_5,300.0,12468.000000000002,CQM Solver
1899802599_50_10,300.0,25889.99999999993,CQM Solver
1369363414_20_5,50.0,1293.0,CQM Solver
1861070898_50_20,300.0,100346.0,CQM Solver
2013025619_50_10,300.0,25755.99999999993,CQM Solver
248421594_50_5,50.0,13025.000000000002,CQM Solver
1369363414_20_5,300.0,1284.0,CQM Solver
2021925980_20_5,50.0,1360.0,CQM Solver
2021925980_20_5,300.0,1298.0,CQM Solver
573109518_20_5,50.0,1345.0,CQM Solver
573109518_20_5,300.0,1298.0,CQM Solver
88325120_20_5,50.0,1213.0,CQM Solver
88325120_20_5,300.0,1202.0,CQM Solver
248421594_50_5,300.0,3226.9999999999927,CQM Solver
587595453_20_10,50.0,1805.0,CQM Solver
587595453_20_10,300.0,1751.0,CQM Solver
1401007982_20_10,50.0,1872.0,CQM Solver
1401007982_20_10,300.0,1832.0,CQM Solver
873136276_20_10,50.0,1732.0,CQM Solver
873136276_20_10,300.0,1667.0,CQM Solver
268827376_20_10,50.0,1607.0,CQM Solver
268827376_20_10,300.0,1539.0,CQM Solver
1634173168_20_10,50.0,1643.0,CQM Solver
1634173168_20_10,300.0,1638.0,CQM Solver
691823909_20_10,50.0,1598.0,CQM Solver
691823909_20_10,300.0,1595.0,CQM Solver
73807235_20_10,50.0,1658.0,CQM Solver
479340445_20_20,50.0,2559.0,CQM Solver
464843328_50_20,300.0,102846.0,CQM Solver
479340445_20_20,300.0,2558.0,CQM Solver
268827376_20_20,50.0,2423.0,CQM Solver
268827376_20_20,300.0,2368.0,CQM Solver
1958948863_20_20,50.0,2543.0,CQM Solver
1958948863_20_20,300.0,2521.0,CQM Solver
918272953_20_20,50.0,2534.000000000007,CQM Solver
918272953_20_20,300.0,2431.0,CQM Solver
555010963_20_20,50.0,2598.0,CQM Solver
555010963_20_20,300.0,2531.0,CQM Solver
2010851491_20_20,50.0,2505.0,CQM Solver
2010851491_20_20,300.0,2419.0,CQM Solver
1519833303_20_20,50.0,2543.0,CQM Solver
73807235_20_10,300.0,1644.0,CQM Solver
1519833303_20_20,300.0,2455.0000000000123,CQM Solver
1273398721_20_10,50.0,1796.0,CQM Solver
1748670931_20_20,50.0,2430.0,CQM Solver
1273398721_20_10,300.0,1725.0,CQM Solver
1748670931_20_20,300.0,2455.0,CQM Solver
2065119309_20_10,50.0,1750.0,CQM Solver
1923497586_20_20,50.0,2552.999999999997,CQM Solver
1923497586_20_20,300.0,2465.0,CQM Solver
1829909967_20_20,50.0,2457.0000000000045,CQM Solver
1829909967_20_20,300.0,2474.0,CQM Solver
2065119309_20_10,300.0,1724.0,CQM Solver
1672900551_20_10,50.0,1763.0,CQM Solver
1672900551_20_10,300.0,1765.0,CQM Solver
1328042058_50_5,15.0,2724.0,NL Solver
200382020_50_5,15.0,2838.0,NL Solver
496319842_50_5,15.0,2621.0,NL Solver
1203030903_50_5,15.0,2759.0,NL Solver
1730708564_50_5,15.0,2864.0,NL Solver
450926852_50_5,15.0,2831.0,NL Solver
1303135678_50_5,15.0,2728.0,NL Solver
1273398721_50_5,15.0,2704.0,NL Solver
587288402_50_5,15.0,2555.0,NL Solver
248421594_50_5,15.0,2782.0,NL Solver
1958948863_50_10,15.0,3074.0,NL Solver
575633267_50_10,15.0,2958.0,NL Solver
655816003_50_10,15.0,2914.0,NL Solver
1977864101_50_10,15.0,3103.0,NL Solver
93805469_50_10,15.0,3068.0,NL Solver
1803345551_50_10,15.0,3083.0,NL Solver
49612559_50_10,15.0,3156.0,NL Solver
1899802599_50_10,15.0,3072.0,NL Solver
2013025619_50_10,15.0,2937.0,NL Solver
578962478_50_10,15.0,3134.0,NL Solver
479340445_20_20,15.0,2303.0,NL Solver
268827376_20_20,15.0,2105.0,NL Solver
1958948863_20_20,15.0,2336.0,NL Solver
918272953_20_20,15.0,2231.0,NL Solver
555010963_20_20,15.0,2304.0,NL Solver
2010851491_20_20,15.0,2232.0,NL Solver
1519833303_20_20,15.0,2290.0,NL Solver
1748670931_20_20,15.0,2208.0,NL Solver
1923497586_20_20,15.0,2237.0,NL Solver
1829909967_20_20,15.0,2181.0,NL Solver
450926852_100_20,15.0,6615.0,NL Solver
1462772409_100_20,15.0,6690.0,NL Solver
1021685265_100_20,15.0,6747.0,NL Solver
83696007_100_20,15.0,6704.0,NL Solver
508154254_100_20,15.0,6787.0,NL Solver
1861070898_100_20,15.0,6784.0,NL Solver
26482542_100_20,15.0,6772.0,NL Solver
444956424_100_20,15.0,6962.0,NL Solver
2115448041_100_20,15.0,6769.0,NL Solver
118254244_100_20,15.0,6860.0,NL Solver
1368624604_500_20,15.0,28850.0,NL Solver
450181436_500_20,15.0,29562.0,NL Solver
1927888393_500_20,15.0,29147.0,NL Solver
1759567256_500_20,15.0,28973.0,NL Solver
606425239_500_20,15.0,29308.0,NL Solver
19268348_500_20,15.0,29359.0,NL Solver
1298201670_500_20,15.0,28843.0,NL Solver
2041736264_500_20,15.0,29479.0,NL Solver
379756761_500_20,15.0,29000.0,NL Solver
28837162_500_20,15.0,29160.0,NL Solver
587595453_20_10,15.0,1582.0,NL Solver
1401007982_20_10,15.0,1670.0,NL Solver
873136276_20_10,15.0,1499.0,NL Solver
268827376_20_10,15.0,1379.0,NL Solver
1634173168_20_10,15.0,1424.0,NL Solver
691823909_20_10,15.0,1397.0,NL Solver
73807235_20_10,15.0,1484.0,NL Solver
1273398721_20_10,15.0,1545.0,NL Solver
2065119309_20_10,15.0,1599.0,NL Solver
1672900551_20_10,15.0,1591.0,NL Solver
471503978_200_10,15.0,11030.0,NL Solver
1215892992_200_10,15.0,10773.0,NL Solver
135346136_200_10,15.0,11147.0,NL Solver
1602504050_200_10,15.0,11016.0,NL Solver
160037322_200_10,15.0,10790.0,NL Solver
551454346_200_10,15.0,10623.0,NL Solver
519485142_200_10,15.0,11073.0,NL Solver
383947510_200_10,15.0,10956.0,NL Solver
1968171878_200_10,15.0,10645.0,NL Solver
540872513_200_10,15.0,10953.0,NL Solver
1539989115_50_20,15.0,3996.0,NL Solver
691823909_50_20,15.0,3855.0,NL Solver
655816003_50_20,15.0,3816.0,NL Solver
1315102446_50_20,15.0,3850.0,NL Solver
1949668355_50_20,15.0,3772.0,NL Solver
1923497586_50_20,15.0,3800.0,NL Solver
1805594913_50_20,15.0,3878.0,NL Solver
1861070898_50_20,15.0,3837.0,NL Solver
715643788_50_20,15.0,3891.0,NL Solver
464843328_50_20,15.0,3904.0,NL Solver
873654221_20_5,15.0,1278.0,NL Solver
379008056_20_5,15.0,1359.0,NL Solver
1866992158_20_5,15.0,1081.0,NL Solver
216771124_20_5,15.0,1293.0,NL Solver
495070989_20_5,15.0,1235.0,NL Solver
402959317_20_5,15.0,1195.0,NL Solver
1369363414_20_5,15.0,1239.0,NL Solver
2021925980_20_5,15.0,1206.0,NL Solver
573109518_20_5,15.0,1230.0,NL Solver
88325120_20_5,15.0,1108.0,NL Solver
896678084_100_5,15.0,5493.0,NL Solver
1179439976_100_5,15.0,5289.0,NL Solver
1122278347_100_5,15.0,5199.0,NL Solver
416756875_100_5,15.0,5025.0,NL Solver
267829958_100_5,15.0,5255.0,NL Solver
1835213917_100_5,15.0,5137.0,NL Solver
1328833962_100_5,15.0,5261.0,NL Solver
1418570761_100_5,15.0,5108.0,NL Solver
161033112_100_5,15.0,5454.0,NL Solver
304212574_100_5,15.0,5335.0,NL Solver
1539989115_100_10,15.0,5891.0,NL Solver
655816003_100_10,15.0,5453.0,NL Solver
960914243_100_10,15.0,5737.0,NL Solver
1915696806_100_10,15.0,5941.0,NL Solver
2013025619_100_10,15.0,5599.0,NL Solver
1168140026_100_10,15.0,5344.0,NL Solver
1923497586_100_10,15.0,5708.0,NL Solver
167698528_100_10,15.0,5702.0,NL Solver
1528387973_100_10,15.0,5958.0,NL Solver
993794175_100_10,15.0,5903.0,NL Solver
2013025619_200_20,15.0,12151.0,NL Solver
475051709_200_20,15.0,12391.0,NL Solver
914834335_200_20,15.0,12315.0,NL Solver
810642687_200_20,15.0,12237.0,NL Solver
1019331795_200_20,15.0,12205.0,NL Solver
2056065863_200_20,15.0,12226.0,NL Solver
1342855162_200_20,15.0,12425.0,NL Solver
1325809384_200_20,15.0,12377.0,NL Solver
1988803007_200_20,15.0,12261.0,NL Solver
765656702_200_20,15.0,12331.0,NL Solver
1328042058_50_5,50.0,2724.0,NL Solver
200382020_50_5,50.0,2838.0,NL Solver
496319842_50_5,50.0,2621.0,NL Solver
1203030903_50_5,50.0,2753.0,NL Solver
1730708564_50_5,50.0,2863.0,NL Solver
450926852_50_5,50.0,2829.0,NL Solver
1303135678_50_5,50.0,2725.0,NL Solver
1273398721_50_5,50.0,2683.0,NL Solver
587288402_50_5,50.0,2552.0,NL Solver
248421594_50_5,50.0,2782.0,NL Solver
1958948863_50_10,50.0,3046.0,NL Solver
575633267_50_10,50.0,2923.0,NL Solver
655816003_50_10,50.0,2877.0,NL Solver
1977864101_50_10,50.0,3071.0,NL Solver
93805469_50_10,50.0,3019.0,NL Solver
1803345551_50_10,50.0,3043.0,NL Solver
49612559_50_10,50.0,3123.0,NL Solver
1899802599_50_10,50.0,3048.0,NL Solver
2013025619_50_10,50.0,2917.0,NL Solver
578962478_50_10,50.0,3115.0,NL Solver
479340445_20_20,50.0,2297.0,NL Solver
268827376_20_20,50.0,2101.0,NL Solver
1958948863_20_20,50.0,2328.0,NL Solver
918272953_20_20,50.0,2229.0,NL Solver
555010963_20_20,50.0,2294.0,NL Solver
2010851491_20_20,50.0,2229.0,NL Solver
1519833303_20_20,50.0,2273.0,NL Solver
1748670931_20_20,50.0,2200.0,NL Solver
1923497586_20_20,50.0,2240.0,NL Solver
1829909967_20_20,50.0,2181.0,NL Solver
450926852_100_20,50.0,6479.0,NL Solver
1462772409_100_20,50.0,6456.0,NL Solver
1021685265_100_20,50.0,6533.0,NL Solver
83696007_100_20,50.0,6532.0,NL Solver
508154254_100_20,50.0,6626.0,NL Solver
1861070898_100_20,50.0,6662.0,NL Solver
26482542_100_20,50.0,6569.0,NL Solver
444956424_100_20,50.0,6751.0,NL Solver
2115448041_100_20,50.0,6581.0,NL Solver
118254244_100_20,50.0,6700.0,NL Solver
1368624604_500_20,50.0,27987.0,NL Solver
450181436_500_20,50.0,28307.0,NL Solver
1927888393_500_20,50.0,28153.0,NL Solver
1759567256_500_20,50.0,28170.0,NL Solver
606425239_500_20,50.0,28010.0,NL Solver
19268348_500_20,50.0,28213.0,NL Solver
1298201670_500_20,50.0,28011.0,NL Solver
2041736264_500_20,50.0,28306.0,NL Solver
379756761_500_20,50.0,27894.0,NL Solver
28837162_500_20,50.0,28079.0,NL Solver
587595453_20_10,50.0,1583.0,NL Solver
1401007982_20_10,50.0,1660.0,NL Solver
873136276_20_10,50.0,1496.0,NL Solver
268827376_20_10,50.0,1377.0,NL Solver
1634173168_20_10,50.0,1419.0,NL Solver
691823909_20_10,50.0,1397.0,NL Solver
73807235_20_10,50.0,1484.0,NL Solver
1273398721_20_10,50.0,1544.0,NL Solver
2065119309_20_10,50.0,1593.0,NL Solver
1672900551_20_10,50.0,1597.0,NL Solver
471503978_200_10,50.0,10988.0,NL Solver
1215892992_200_10,50.0,10638.0,NL Solver
135346136_200_10,50.0,11076.0,NL Solver
1602504050_200_10,50.0,10966.0,NL Solver
160037322_200_10,50.0,10685.0,NL Solver
551454346_200_10,50.0,10436.0,NL Solver
519485142_200_10,50.0,11009.0,NL Solver
383947510_200_10,50.0,10851.0,NL Solver
1968171878_200_10,50.0,10532.0,NL Solver
540872513_200_10,50.0,10850.0,NL Solver
1539989115_50_20,50.0,3946.0,NL Solver
691823909_50_20,50.0,3807.0,NL Solver
655816003_50_20,50.0,3728.0,NL Solver
1315102446_50_20,50.0,3816.0,NL Solver
1949668355_50_20,50.0,3707.0,NL Solver
1923497586_50_20,50.0,3796.0,NL Solver
1805594913_50_20,50.0,3823.0,NL Solver
1861070898_50_20,50.0,3809.0,NL Solver
715643788_50_20,50.0,3851.0,NL Solver
464843328_50_20,50.0,3855.0,NL Solver
873654221_20_5,50.0,1278.0,NL Solver
379008056_20_5,50.0,1359.0,NL Solver
1866992158_20_5,50.0,1081.0,NL Solver
216771124_20_5,50.0,1293.0,NL Solver
495070989_20_5,50.0,1235.0,NL Solver
402959317_20_5,50.0,1195.0,NL Solver
1369363414_20_5,50.0,1239.0,NL Solver
2021925980_20_5,50.0,1206.0,NL Solver
573109518_20_5,50.0,1230.0,NL Solver
88325120_20_5,50.0,1108.0,NL Solver
896678084_100_5,50.0,5493.0,NL Solver
1179439976_100_5,50.0,5283.0,NL Solver
1122278347_100_5,50.0,5179.0,NL Solver
416756875_100_5,50.0,5023.0,NL Solver
267829958_100_5,50.0,5253.0,NL Solver
1835213917_100_5,50.0,5135.0,NL Solver
1328833962_100_5,50.0,5251.0,NL Solver
1418570761_100_5,50.0,5098.0,NL Solver
161033112_100_5,50.0,5454.0,NL Solver
304212574_100_5,50.0,5330.0,NL Solver
1539989115_100_10,50.0,5841.0,NL Solver
655816003_100_10,50.0,5399.0,NL Solver
960914243_100_10,50.0,5728.0,NL Solver
1915696806_100_10,50.0,5872.0,NL Solver
2013025619_100_10,50.0,5545.0,NL Solver
1168140026_100_10,50.0,5323.0,NL Solver
1923497586_100_10,50.0,5642.0,NL Solver
167698528_100_10,50.0,5694.0,NL Solver
1528387973_100_10,50.0,5956.0,NL Solver
993794175_100_10,50.0,5881.0,NL Solver
2013025619_200_20,50.0,11855.0,NL Solver
475051709_200_20,50.0,11968.0,NL Solver
914834335_200_20,50.0,11954.0,NL Solver
810642687_200_20,50.0,12021.0,NL Solver
1019331795_200_20,50.0,11860.0,NL Solver
2056065863_200_20,50.0,11809.0,NL Solver
1342855162_200_20,50.0,12093.0,NL Solver
1325809384_200_20,50.0,12021.0,NL Solver
1988803007_200_20,50.0,11927.0,NL Solver
765656702_200_20,50.0,11979.0,NL Solver
1328042058_50_5,150.0,2724.0,NL Solver
200382020_50_5,150.0,2834.0,NL Solver
496319842_50_5,150.0,2621.0,NL Solver
1203030903_50_5,150.0,2751.0,NL Solver
1730708564_50_5,150.0,2863.0,NL Solver
450926852_50_5,150.0,2829.0,NL Solver
1303135678_50_5,150.0,2725.0,NL Solver
1273398721_50_5,150.0,2683.0,NL Solver
587288402_50_5,150.0,2555.0,NL Solver
248421594_50_5,150.0,2782.0,NL Solver
1958948863_50_10,150.0,3035.0,NL Solver
575633267_50_10,150.0,2911.0,NL Solver
655816003_50_10,150.0,2877.0,NL Solver
1977864101_50_10,150.0,3070.0,NL Solver
93805469_50_10,150.0,3006.0,NL Solver
1803345551_50_10,150.0,3016.0,NL Solver
49612559_50_10,150.0,3124.0,NL Solver
1899802599_50_10,150.0,3039.0,NL Solver
2013025619_50_10,150.0,2918.0,NL Solver
578962478_50_10,150.0,3078.0,NL Solver
479340445_20_20,150.0,2297.0,NL Solver
268827376_20_20,150.0,2099.0,NL Solver
1958948863_20_20,150.0,2331.0,NL Solver
918272953_20_20,150.0,2225.0,NL Solver
555010963_20_20,150.0,2291.0,NL Solver
2010851491_20_20,150.0,2229.0,NL Solver
1519833303_20_20,150.0,2278.0,NL Solver
1748670931_20_20,150.0,2200.0,NL Solver
1923497586_20_20,150.0,2242.0,NL Solver
1829909967_20_20,150.0,2178.0,NL Solver
450926852_100_20,150.0,6433.0,NL Solver
1462772409_100_20,150.0,6412.0,NL Solver
1021685265_100_20,150.0,6467.0,NL Solver
83696007_100_20,150.0,6448.0,NL Solver
508154254_100_20,150.0,6507.0,NL Solver
1861070898_100_20,150.0,6591.0,NL Solver
26482542_100_20,150.0,6509.0,NL Solver
444956424_100_20,150.0,6666.0,NL Solver
2115448041_100_20,150.0,6482.0,NL Solver
118254244_100_20,150.0,6626.0,NL Solver
1368624604_500_20,150.0,27387.0,NL Solver
450181436_500_20,150.0,27901.0,NL Solver
1927888393_500_20,150.0,27645.0,NL Solver
1759567256_500_20,150.0,27687.0,NL Solver
606425239_500_20,150.0,27548.0,NL Solver
19268348_500_20,150.0,27765.0,NL Solver
1298201670_500_20,150.0,27433.0,NL Solver
2041736264_500_20,150.0,27728.0,NL Solver
379756761_500_20,150.0,27375.0,NL Solver
28837162_500_20,150.0,27690.0,NL Solver
587595453_20_10,150.0,1582.0,NL Solver
1401007982_20_10,150.0,1659.0,NL Solver
873136276_20_10,150.0,1496.0,NL Solver
268827376_20_10,150.0,1377.0,NL Solver
1634173168_20_10,150.0,1419.0,NL Solver
691823909_20_10,150.0,1397.0,NL Solver
73807235_20_10,150.0,1484.0,NL Solver
1273398721_20_10,150.0,1538.0,NL Solver
2065119309_20_10,150.0,1593.0,NL Solver
1672900551_20_10,150.0,1591.0,NL Solver
471503978_200_10,150.0,10953.0,NL Solver
1215892992_200_10,150.0,10586.0,NL Solver
135346136_200_10,150.0,11017.0,NL Solver
1602504050_200_10,150.0,10954.0,NL Solver
160037322_200_10,150.0,10587.0,NL Solver
551454346_200_10,150.0,10449.0,NL Solver
519485142_200_10,150.0,10973.0,NL Solver
383947510_200_10,150.0,10819.0,NL Solver
1968171878_200_10,150.0,10531.0,NL Solver
540872513_200_10,150.0,10814.0,NL Solver
1539989115_50_20,150.0,3927.0,NL Solver
691823909_50_20,150.0,3756.0,NL Solver
655816003_50_20,150.0,3740.0,NL Solver
1315102446_50_20,150.0,3787.0,NL Solver
1949668355_50_20,150.0,3689.0,NL Solver
1923497586_50_20,150.0,3766.0,NL Solver
1805594913_50_20,150.0,3789.0,NL Solver
1861070898_50_20,150.0,3783.0,NL Solver
715643788_50_20,150.0,3813.0,NL Solver
464843328_50_20,150.0,3828.0,NL Solver
873654221_20_5,150.0,1278.0,NL Solver
379008056_20_5,150.0,1359.0,NL Solver
1866992158_20_5,150.0,1081.0,NL Solver
216771124_20_5,150.0,1293.0,NL Solver
495070989_20_5,150.0,1235.0,NL Solver
402959317_20_5,150.0,1195.0,NL Solver
1369363414_20_5,150.0,1239.0,NL Solver
2021925980_20_5,150.0,1206.0,NL Solver
573109518_20_5,150.0,1230.0,NL Solver
88325120_20_5,150.0,1108.0,NL Solver
896678084_100_5,150.0,5493.0,NL Solver
1179439976_100_5,150.0,5283.0,NL Solver
1122278347_100_5,150.0,5175.0,NL Solver
416756875_100_5,150.0,5021.0,NL Solver
267829958_100_5,150.0,5252.0,NL Solver
1835213917_100_5,150.0,5135.0,NL Solver
1328833962_100_5,150.0,5246.0,NL Solver
1418570761_100_5,150.0,5098.0,NL Solver
161033112_100_5,150.0,5454.0,NL Solver
304212574_100_5,150.0,5328.0,NL Solver
1539989115_100_10,150.0,5801.0,NL Solver
655816003_100_10,150.0,5376.0,NL Solver
960914243_100_10,150.0,5691.0,NL Solver
1915696806_100_10,150.0,5844.0,NL Solver
2013025619_100_10,150.0,5518.0,NL Solver
1168140026_100_10,150.0,5312.0,NL Solver
1923497586_100_10,150.0,5633.0,NL Solver
167698528_100_10,150.0,5694.0,NL Solver
1528387973_100_10,150.0,5957.0,NL Solver
993794175_100_10,150.0,5881.0,NL Solver
2013025619_200_20,150.0,11671.0,NL Solver
475051709_200_20,150.0,11813.0,NL Solver
914834335_200_20,150.0,11794.0,NL Solver
810642687_200_20,150.0,11793.0,NL Solver
1019331795_200_20,150.0,11753.0,NL Solver
2056065863_200_20,150.0,11681.0,NL Solver
1342855162_200_20,150.0,11914.0,NL Solver
1325809384_200_20,150.0,11862.0,NL Solver
1988803007_200_20,150.0,11748.0,NL Solver
765656702_200_20,150.0,11859.0,NL Solver
1328042058_50_5,300.0,2724.0,NL Solver
200382020_50_5,300.0,2834.0,NL Solver
496319842_50_5,300.0,2621.0,NL Solver
1203030903_50_5,300.0,2751.0,NL Solver
1730708564_50_5,300.0,2863.0,NL Solver
450926852_50_5,300.0,2829.0,NL Solver
1303135678_50_5,300.0,2725.0,NL Solver
1273398721_50_5,300.0,2683.0,NL Solver
587288402_50_5,300.0,2554.0,NL Solver
248421594_50_5,300.0,2782.0,NL Solver
1958948863_50_10,300.0,3025.0,NL Solver
575633267_50_10,300.0,2911.0,NL Solver
655816003_50_10,300.0,2869.0,NL Solver
1977864101_50_10,300.0,3063.0,NL Solver
93805469_50_10,300.0,3010.0,NL Solver
1803345551_50_10,300.0,3009.0,NL Solver
49612559_50_10,300.0,3124.0,NL Solver
1899802599_50_10,300.0,3042.0,NL Solver
2013025619_50_10,300.0,2905.0,NL Solver
578962478_50_10,300.0,3091.0,NL Solver
479340445_20_20,300.0,2297.0,NL Solver
268827376_20_20,300.0,2099.0,NL Solver
1958948863_20_20,300.0,2326.0,NL Solver
918272953_20_20,300.0,2223.0,NL Solver
555010963_20_20,300.0,2291.0,NL Solver
2010851491_20_20,300.0,2226.0,NL Solver
1519833303_20_20,300.0,2273.0,NL Solver
1748670931_20_20,300.0,2200.0,NL Solver
1923497586_20_20,300.0,2239.0,NL Solver
1829909967_20_20,300.0,2178.0,NL Solver
450926852_100_20,300.0,6432.0,NL Solver
1462772409_100_20,300.0,6361.0,NL Solver
1021685265_100_20,300.0,6465.0,NL Solver
83696007_100_20,300.0,6397.0,NL Solver
508154254_100_20,300.0,6476.0,NL Solver
1861070898_100_20,300.0,6541.0,NL Solver
26482542_100_20,300.0,6465.0,NL Solver
444956424_100_20,300.0,6636.0,NL Solver
2115448041_100_20,300.0,6471.0,NL Solver
118254244_100_20,300.0,6622.0,NL Solver
1368624604_500_20,300.0,27232.0,NL Solver
450181436_500_20,300.0,27595.0,NL Solver
1927888393_500_20,300.0,27489.0,NL Solver
1759567256_500_20,300.0,27380.0,NL Solver
606425239_500_20,300.0,27261.0,NL Solver
19268348_500_20,300.0,27579.0,NL Solver
1298201670_500_20,300.0,27256.0,NL Solver
2041736264_500_20,300.0,27547.0,NL Solver
379756761_500_20,300.0,27085.0,NL Solver
28837162_500_20,300.0,27473.0,NL Solver
587595453_20_10,300.0,1582.0,NL Solver
1401007982_20_10,300.0,1660.0,NL Solver
873136276_20_10,300.0,1496.0,NL Solver
268827376_20_10,300.0,1377.0,NL Solver
1634173168_20_10,300.0,1419.0,NL Solver
691823909_20_10,300.0,1397.0,NL Solver
73807235_20_10,300.0,1484.0,NL Solver
1273398721_20_10,300.0,1538.0,NL Solver
2065119309_20_10,300.0,1593.0,NL Solver
1672900551_20_10,300.0,1591.0,NL Solver
471503978_200_10,300.0,10953.0,NL Solver
1215892992_200_10,300.0,10578.0,NL Solver
135346136_200_10,300.0,11045.0,NL Solver
1602504050_200_10,300.0,10958.0,NL Solver
160037322_200_10,300.0,10587.0,NL Solver
551454346_200_10,300.0,10384.0,NL Solver
519485142_200_10,300.0,10964.0,NL Solver
383947510_200_10,300.0,10799.0,NL Solver
1968171878_200_10,300.0,10502.0,NL Solver
540872513_200_10,300.0,10786.0,NL Solver
1539989115_50_20,300.0,3907.0,NL Solver
691823909_50_20,300.0,3764.0,NL Solver
655816003_50_20,300.0,3725.0,NL Solver
1315102446_50_20,300.0,3787.0,NL Solver
1949668355_50_20,300.0,3681.0,NL Solver
1923497586_50_20,300.0,3737.0,NL Solver
1805594913_50_20,300.0,3759.0,NL Solver
1861070898_50_20,300.0,3769.0,NL Solver
715643788_50_20,300.0,3815.0,NL Solver
464843328_50_20,300.0,3813.0,NL Solver
873654221_20_5,300.0,1278.0,NL Solver
379008056_20_5,300.0,1359.0,NL Solver
1866992158_20_5,300.0,1081.0,NL Solver
216771124_20_5,300.0,1293.0,NL Solver
495070989_20_5,300.0,1235.0,NL Solver
402959317_20_5,300.0,1195.0,NL Solver
1369363414_20_5,300.0,1239.0,NL Solver
2021925980_20_5,300.0,1206.0,NL Solver
573109518_20_5,300.0,1230.0,NL Solver
88325120_20_5,300.0,1108.0,NL Solver
896678084_100_5,300.0,5493.0,NL Solver
1179439976_100_5,300.0,5284.0,NL Solver
1122278347_100_5,300.0,5175.0,NL Solver
416756875_100_5,300.0,5021.0,NL Solver
267829958_100_5,300.0,5250.0,NL Solver
1835213917_100_5,300.0,5135.0,NL Solver
1328833962_100_5,300.0,5246.0,NL Solver
1418570761_100_5,300.0,5094.0,NL Solver
161033112_100_5,300.0,5448.0,NL Solver
304212574_100_5,300.0,5324.0,NL Solver
1539989115_100_10,300.0,5785.0,NL Solver
655816003_100_10,300.0,5387.0,NL Solver
960914243_100_10,300.0,5691.0,NL Solver
1915696806_100_10,300.0,5843.0,NL Solver
2013025619_100_10,300.0,5513.0,NL Solver
1168140026_100_10,300.0,5308.0,NL Solver
1923497586_100_10,300.0,5637.0,NL Solver
167698528_100_10,300.0,5663.0,NL Solver
1528387973_100_10,300.0,5928.0,NL Solver
993794175_100_10,300.0,5903.0,NL Solver
2013025619_200_20,300.0,11643.0,NL Solver
475051709_200_20,300.0,11731.0,NL Solver
914834335_200_20,300.0,11731.0,NL Solver
810642687_200_20,300.0,11712.0,NL Solver
1019331795_200_20,300.0,11665.0,NL Solver
2056065863_200_20,300.0,11599.0,NL Solver
1342855162_200_20,300.0,11829.0,NL Solver
1325809384_200_20,300.0,11754.0,NL Solver
1988803007_200_20,300.0,11745.0,NL Solver
765656702_200_20,300.0,11807.0,NL Solver
1328042058_50_5,15.0,3196.0,HiGHS
200382020_50_5,15.0,3052.0,HiGHS
496319842_50_5,15.0,3079.0,HiGHS
1203030903_50_5,15.0,3309.0,HiGHS
1730708564_50_5,15.0,3413.0,HiGHS
450926852_50_5,15.0,3312.0,HiGHS
1303135678_50_5,15.0,3108.0,HiGHS
1273398721_50_5,15.0,3426.0,HiGHS
587288402_50_5,15.0,2912.0,HiGHS
248421594_50_5,15.0,3059.0,HiGHS
1958948863_50_10,15.0,3742.0,HiGHS
575633267_50_10,15.0,3505.0,HiGHS
655816003_50_10,15.0,3835.0,HiGHS
1977864101_50_10,15.0,3989.0,HiGHS
93805469_50_10,15.0,3980.0,HiGHS
1803345551_50_10,15.0,3746.0,HiGHS
49612559_50_10,15.0,4040.0,HiGHS
1899802599_50_10,15.0,3887.0,HiGHS
2013025619_50_10,15.0,3816.0,HiGHS
578962478_50_10,15.0,3945.0,HiGHS
479340445_20_20,15.0,2610.0,HiGHS
268827376_20_20,15.0,2365.0,HiGHS
1958948863_20_20,15.0,2553.0,HiGHS
918272953_20_20,15.0,2478.0,HiGHS
555010963_20_20,15.0,2523.0,HiGHS
2010851491_20_20,15.0,2524.0,HiGHS
1519833303_20_20,15.0,2564.0,HiGHS
1748670931_20_20,15.0,2520.0,HiGHS
1923497586_20_20,15.0,2610.0,HiGHS
1829909967_20_20,15.0,2533.0,HiGHS
587595453_20_10,15.0,1809.0,HiGHS
1401007982_20_10,15.0,1824.0,HiGHS
873136276_20_10,15.0,1679.0,HiGHS
268827376_20_10,15.0,1542.0,HiGHS
1634173168_20_10,15.0,1642.0,HiGHS
691823909_20_10,15.0,1530.0,HiGHS
73807235_20_10,15.0,1697.0,HiGHS
1273398721_20_10,15.0,1749.0,HiGHS
2065119309_20_10,15.0,1735.0,HiGHS
1672900551_20_10,15.0,1829.0,HiGHS
1539989115_50_20,15.0,4877.0,HiGHS
691823909_50_20,15.0,4635.0,HiGHS
655816003_50_20,15.0,4639.0,HiGHS
1315102446_50_20,15.0,4896.0,HiGHS
1949668355_50_20,15.0,4459.0,HiGHS
1923497586_50_20,15.0,4593.0,HiGHS
1805594913_50_20,15.0,4664.0,HiGHS
1861070898_50_20,15.0,5028.0,HiGHS
715643788_50_20,15.0,4814.0,HiGHS
464843328_50_20,15.0,4851.0,HiGHS
873654221_20_5,15.0,1355.0,HiGHS
379008056_20_5,15.0,1400.999999,HiGHS
1866992158_20_5,15.0,1215.0,HiGHS
216771124_20_5,15.0,1402.0,HiGHS
495070989_20_5,15.0,1330.0,HiGHS
402959317_20_5,15.0,1303.0,HiGHS
1369363414_20_5,15.0,1372.0,HiGHS
2021925980_20_5,15.0,1293.0,HiGHS
573109518_20_5,15.0,1390.0,HiGHS
88325120_20_5,15.0,1215.0,HiGHS
896678084_100_5,15.0,6209.0,HiGHS
1179439976_100_5,15.0,5998.0,HiGHS
1122278347_100_5,15.0,5819.0,HiGHS
416756875_100_5,15.0,5656.0,HiGHS
267829958_100_5,15.0,6067.0,HiGHS
1835213917_100_5,15.0,5789.0,HiGHS
1328833962_100_5,15.0,6029.0,HiGHS
1418570761_100_5,15.0,5738.0,HiGHS
161033112_100_5,15.0,6082.0,HiGHS
304212574_100_5,15.0,5897.0,HiGHS
1328042058_50_5,50.0,3196.0,HiGHS
200382020_50_5,50.0,2962.0,HiGHS
496319842_50_5,50.0,2872.0,HiGHS
1203030903_50_5,50.0,3240.0,HiGHS
1730708564_50_5,50.0,3180.0,HiGHS
450926852_50_5,50.0,3227.0,HiGHS
1303135678_50_5,50.0,3013.0,HiGHS
1273398721_50_5,50.0,3220.0,HiGHS
587288402_50_5,50.0,2874.0,HiGHS
248421594_50_5,50.0,3049.0,HiGHS
1958948863_50_10,50.0,3742.0,HiGHS
575633267_50_10,50.0,3505.0,HiGHS
655816003_50_10,50.0,3835.0,HiGHS
1977864101_50_10,50.0,3920.0,HiGHS
93805469_50_10,50.0,3817.0,HiGHS
1803345551_50_10,50.0,3746.0,HiGHS
49612559_50_10,50.0,4040.0,HiGHS
1899802599_50_10,50.0,3887.0,HiGHS
2013025619_50_10,50.0,3492.0,HiGHS
578962478_50_10,50.0,3799.0,HiGHS
479340445_20_20,50.0,2560.0,HiGHS
268827376_20_20,50.0,2364.0,HiGHS
1958948863_20_20,50.0,2616.0,HiGHS
918272953_20_20,50.0,2590.0,HiGHS
555010963_20_20,50.0,2575.0,HiGHS
2010851491_20_20,50.0,2560.0,HiGHS
1519833303_20_20,50.0,2519.0,HiGHS
1748670931_20_20,50.0,2527.0,HiGHS
1923497586_20_20,50.0,2605.0,HiGHS
1829909967_20_20,50.0,2491.0,HiGHS
587595453_20_10,50.0,1760.0,HiGHS
1401007982_20_10,50.0,1847.0,HiGHS
873136276_20_10,50.0,1683.0,HiGHS
268827376_20_10,50.0,1505.0,HiGHS
1634173168_20_10,50.0,1638.0,HiGHS
691823909_20_10,50.0,1575.0,HiGHS
73807235_20_10,50.0,1653.0,HiGHS
1273398721_20_10,50.0,1701.0,HiGHS
2065119309_20_10,50.0,1712.0,HiGHS
1672900551_20_10,50.0,1802.0,HiGHS
1539989115_50_20,50.0,4877.0,HiGHS
691823909_50_20,50.0,4635.0,HiGHS
655816003_50_20,50.0,4639.0,HiGHS
1315102446_50_20,50.0,4896.0,HiGHS
1949668355_50_20,50.0,4459.0,HiGHS
1923497586_50_20,50.0,4593.0,HiGHS
1805594913_50_20,50.0,4664.0,HiGHS
1861070898_50_20,50.0,5028.0,HiGHS
715643788_50_20,50.0,4814.0,HiGHS
464843328_50_20,50.0,4851.0,HiGHS
873654221_20_5,50.0,1324.0,HiGHS
379008056_20_5,50.0,1390.0,HiGHS
1866992158_20_5,50.0,1170.0,HiGHS
216771124_20_5,50.0,1424.0,HiGHS
495070989_20_5,50.0,1350.0,HiGHS
402959317_20_5,50.0,1244.0,HiGHS
1369363414_20_5,50.0,1364.0,HiGHS
2021925980_20_5,50.0,1325.0,HiGHS
573109518_20_5,50.0,1370.0,HiGHS
88325120_20_5,50.0,1266.0,HiGHS
896678084_100_5,50.0,6209.0,HiGHS
1179439976_100_5,50.0,5998.0,HiGHS
1122278347_100_5,50.0,5819.0,HiGHS
416756875_100_5,50.0,5656.0,HiGHS
267829958_100_5,50.0,6067.0,HiGHS
1835213917_100_5,50.0,5789.0,HiGHS
1328833962_100_5,50.0,6029.0,HiGHS
1418570761_100_5,50.0,5738.0,HiGHS
161033112_100_5,50.0,6082.0,HiGHS
304212574_100_5,50.0,5897.0,HiGHS
1328042058_50_5,150.0,2940.0,HiGHS
200382020_50_5,150.0,3052.0,HiGHS
496319842_50_5,150.0,2788.0,HiGHS
1203030903_50_5,150.0,3004.0,HiGHS
1730708564_50_5,150.0,3193.0,HiGHS
450926852_50_5,150.0,3100.0,HiGHS
1303135678_50_5,150.0,3101.0,HiGHS
1273398721_50_5,150.0,2943.0,HiGHS
587288402_50_5,150.0,2793.0,HiGHS
248421594_50_5,150.0,2977.0,HiGHS
1958948863_50_10,150.0,3742.0,HiGHS
575633267_50_10,150.0,3394.0,HiGHS
655816003_50_10,150.0,3671.0,HiGHS
1977864101_50_10,150.0,3782.0,HiGHS
93805469_50_10,150.0,3662.0,HiGHS
1803345551_50_10,150.0,3731.0,HiGHS
49612559_50_10,150.0,3939.0,HiGHS
1899802599_50_10,150.0,3659.0,HiGHS
2013025619_50_10,150.0,3432.0,HiGHS
578962478_50_10,150.0,3781.0,HiGHS
479340445_20_20,150.0,2591.0,HiGHS
268827376_20_20,150.0,2305.0,HiGHS
1958948863_20_20,150.0,2532.0,HiGHS
918272953_20_20,150.0,2545.0,HiGHS
555010963_20_20,150.0,2547.0,HiGHS
2010851491_20_20,150.0,2501.0,HiGHS
1519833303_20_20,150.0,2541.0,HiGHS
1748670931_20_20,150.0,2372.0,HiGHS
1923497586_20_20,150.0,2538.0,HiGHS
1829909967_20_20,150.0,2524.0,HiGHS
587595453_20_10,150.0,1794.0,HiGHS
1401007982_20_10,150.0,1823.0,HiGHS
873136276_20_10,150.0,1659.0,HiGHS
268827376_20_10,150.0,1553.0,HiGHS
1634173168_20_10,150.0,1588.0,HiGHS
691823909_20_10,150.0,1539.0,HiGHS
73807235_20_10,150.0,1710.0,HiGHS
1273398721_20_10,150.0,1704.0,HiGHS
2065119309_20_10,150.0,1687.0,HiGHS
1672900551_20_10,150.0,1844.0,HiGHS
1539989115_50_20,150.0,4877.0,HiGHS
691823909_50_20,150.0,4575.0,HiGHS
655816003_50_20,150.0,4639.0,HiGHS
1315102446_50_20,150.0,4808.0,HiGHS
1949668355_50_20,150.0,4459.0,HiGHS
1923497586_50_20,150.0,4593.0,HiGHS
1805594913_50_20,150.0,4563.0,HiGHS
1861070898_50_20,150.0,4772.0,HiGHS
715643788_50_20,150.0,4814.0,HiGHS
464843328_50_20,150.0,4851.0,HiGHS
873654221_20_5,150.0,1347.0,HiGHS
379008056_20_5,150.0,1389.0,HiGHS
1866992158_20_5,150.0,1182.0,HiGHS
216771124_20_5,150.0,1425.0,HiGHS
495070989_20_5,150.0,1326.0,HiGHS
402959317_20_5,150.0,1252.0,HiGHS
1369363414_20_5,150.0,1343.0,HiGHS
2021925980_20_5,150.0,1249.0,HiGHS
573109518_20_5,150.0,1366.0,HiGHS
88325120_20_5,150.0,1243.0,HiGHS
896678084_100_5,150.0,6209.0,HiGHS
1179439976_100_5,150.0,5998.0,HiGHS
1122278347_100_5,150.0,5819.0,HiGHS
416756875_100_5,150.0,5656.0,HiGHS
267829958_100_5,150.0,5782.0,HiGHS
1835213917_100_5,150.0,5789.0,HiGHS
1328833962_100_5,150.0,5847.0,HiGHS
1418570761_100_5,150.0,5738.0,HiGHS
161033112_100_5,150.0,6082.0,HiGHS
304212574_100_5,150.0,5897.0,HiGHS
1328042058_50_5,300.0,2849.0,HiGHS
200382020_50_5,300.0,3014.0,HiGHS
496319842_50_5,300.0,2813.0,HiGHS
1203030903_50_5,300.0,3031.0,HiGHS
1730708564_50_5,300.0,3059.0,HiGHS
450926852_50_5,300.0,3105.0,HiGHS
1303135678_50_5,300.0,2986.0,HiGHS
1273398721_50_5,300.0,2943.0,HiGHS
587288402_50_5,300.0,2767.0,HiGHS
248421594_50_5,300.0,2949.0,HiGHS
1958948863_50_10,300.0,3580.0,HiGHS
575633267_50_10,300.0,3388.0,HiGHS
655816003_50_10,300.0,3567.0,HiGHS
1977864101_50_10,300.0,3613.0,HiGHS
93805469_50_10,300.0,3563.0,HiGHS
1803345551_50_10,300.0,3508.0,HiGHS
49612559_50_10,300.0,3696.0,HiGHS
1899802599_50_10,300.0,3654.0,HiGHS
2013025619_50_10,300.0,3376.0,HiGHS
578962478_50_10,300.0,3744.0,HiGHS
479340445_20_20,300.0,2512.0,HiGHS
268827376_20_20,300.0,2308.0,HiGHS
1958948863_20_20,300.0,2504.0,HiGHS
918272953_20_20,300.0,2490.0,HiGHS
555010963_20_20,300.0,2476.0,HiGHS
2010851491_20_20,300.0,2464.0,HiGHS
1519833303_20_20,300.0,2514.0,HiGHS
1748670931_20_20,300.0,2448.0,HiGHS
1923497586_20_20,300.0,2500.0,HiGHS
1829909967_20_20,300.0,2426.0,HiGHS
587595453_20_10,300.0,1826.0,HiGHS
1401007982_20_10,300.0,1815.0,HiGHS
873136276_20_10,300.0,1657.0,HiGHS
268827376_20_10,300.0,1558.0,HiGHS
1634173168_20_10,300.0,1581.0,HiGHS
691823909_20_10,300.0,1546.0,HiGHS
73807235_20_10,300.0,1657.0,HiGHS
1273398721_20_10,300.0,1641.0,HiGHS
2065119309_20_10,300.0,1729.0,HiGHS
1672900551_20_10,300.0,1768.0,HiGHS
1539989115_50_20,300.0,4843.0,HiGHS
691823909_50_20,300.0,4625.0,HiGHS
655816003_50_20,300.0,4547.0,HiGHS
1315102446_50_20,300.0,4829.0,HiGHS
1949668355_50_20,300.0,4426.0,HiGHS
1923497586_50_20,300.0,4314.0,HiGHS
1805594913_50_20,300.0,4460.0,HiGHS
1861070898_50_20,300.0,4601.0,HiGHS
715643788_50_20,300.0,4692.0,HiGHS
464843328_50_20,300.0,4843.0,HiGHS
873654221_20_5,300.0,1335.0,HiGHS
379008056_20_5,300.0,1383.0,HiGHS
1866992158_20_5,300.0,1148.0,HiGHS
216771124_20_5,300.0,1365.0,HiGHS
495070989_20_5,300.0,1336.0,HiGHS
402959317_20_5,300.0,1264.0,HiGHS
1369363414_20_5,300.0,1300.0,HiGHS
2021925980_20_5,300.0,1300.999999,HiGHS
573109518_20_5,300.0,1376.0,HiGHS
88325120_20_5,300.0,1206.0,HiGHS
896678084_100_5,300.0,6091.0,HiGHS
1179439976_100_5,300.0,5869.0,HiGHS
1122278347_100_5,300.0,5720.0,HiGHS
416756875_100_5,300.0,5473.0,HiGHS
267829958_100_5,300.0,5739.0,HiGHS
1835213917_100_5,300.0,5789.0,HiGHS
1328833962_100_5,300.0,5867.0,HiGHS
1418570761_100_5,300.0,5738.0,HiGHS
161033112_100_5,300.0,5915.0,HiGHS
304212574_100_5,300.0,5897.0,HiGHS
1328042058_50_5,15.0,2724.0,OR-Tools
200382020_50_5,15.0,2882.0,OR-Tools
496319842_50_5,15.0,2699.0,OR-Tools
1203030903_50_5,15.0,2927.0,OR-Tools
1730708564_50_5,15.0,2914.0,OR-Tools
450926852_50_5,15.0,2963.0,OR-Tools
1303135678_50_5,15.0,2911.0,OR-Tools
1273398721_50_5,15.0,2818.0,OR-Tools
587288402_50_5,15.0,2654.0,OR-Tools
248421594_50_5,15.0,2821.0,OR-Tools
1958948863_50_10,15.0,3530.0,OR-Tools
575633267_50_10,15.0,3341.0,OR-Tools
655816003_50_10,15.0,3394.0,OR-Tools
1977864101_50_10,15.0,3559.0,OR-Tools
93805469_50_10,15.0,3624.0,OR-Tools
1803345551_50_10,15.0,3395.0,OR-Tools
49612559_50_10,15.0,3507.0,OR-Tools
1899802599_50_10,15.0,3505.0,OR-Tools
2013025619_50_10,15.0,3262.0,OR-Tools
578962478_50_10,15.0,3549.0,OR-Tools
479340445_20_20,15.0,2396.0,OR-Tools
268827376_20_20,15.0,2281.0,OR-Tools
1958948863_20_20,15.0,2414.0,OR-Tools
918272953_20_20,15.0,2416.0,OR-Tools
555010963_20_20,15.0,2466.0,OR-Tools
2010851491_20_20,15.0,2362.0,OR-Tools
1519833303_20_20,15.0,2487.0,OR-Tools
1748670931_20_20,15.0,2339.0,OR-Tools
1923497586_20_20,15.0,2346.0,OR-Tools
1829909967_20_20,15.0,2243.0,OR-Tools
450926852_100_20,15.0,7660.0,OR-Tools
1462772409_100_20,15.0,7451.0,OR-Tools
1021685265_100_20,15.0,7653.0,OR-Tools
83696007_100_20,15.0,7377.0,OR-Tools
508154254_100_20,15.0,7652.0,OR-Tools
1861070898_100_20,15.0,7908.0,OR-Tools
26482542_100_20,15.0,7434.0,OR-Tools
444956424_100_20,15.0,7952.0,OR-Tools
2115448041_100_20,15.0,7804.0,OR-Tools
118254244_100_20,15.0,7718.0,OR-Tools
450181436_500_20,15.0,30968.0,OR-Tools
1759567256_500_20,15.0,30871.0,OR-Tools
1298201670_500_20,15.0,30842.0,OR-Tools
2041736264_500_20,15.0,30915.0,OR-Tools
28837162_500_20,15.0,30735.0,OR-Tools
587595453_20_10,15.0,1642.0,OR-Tools
1401007982_20_10,15.0,1705.0,OR-Tools
873136276_20_10,15.0,1524.0,OR-Tools
268827376_20_10,15.0,1406.0,OR-Tools
1634173168_20_10,15.0,1494.0,OR-Tools
691823909_20_10,15.0,1443.0,OR-Tools
73807235_20_10,15.0,1498.0,OR-Tools
1273398721_20_10,15.0,1556.0,OR-Tools
2065119309_20_10,15.0,1622.0,OR-Tools
1672900551_20_10,15.0,1694.0,OR-Tools
471503978_200_10,15.0,12180.0,OR-Tools
1215892992_200_10,15.0,12606.0,OR-Tools
135346136_200_10,15.0,12294.0,OR-Tools
1602504050_200_10,15.0,12054.0,OR-Tools
160037322_200_10,15.0,12197.0,OR-Tools
551454346_200_10,15.0,11956.0,OR-Tools
519485142_200_10,15.0,12527.0,OR-Tools
383947510_200_10,15.0,12295.0,OR-Tools
1968171878_200_10,15.0,11989.0,OR-Tools
540872513_200_10,15.0,12040.0,OR-Tools
1539989115_50_20,15.0,4854.0,OR-Tools
691823909_50_20,15.0,4339.0,OR-Tools
655816003_50_20,15.0,4543.0,OR-Tools
1315102446_50_20,15.0,4615.0,OR-Tools
1949668355_50_20,15.0,4458.0,OR-Tools
1923497586_50_20,15.0,4383.0,OR-Tools
1805594913_50_20,15.0,4420.0,OR-Tools
1861070898_50_20,15.0,4466.0,OR-Tools
715643788_50_20,15.0,4573.0,OR-Tools
464843328_50_20,15.0,4531.0,OR-Tools
873654221_20_5,15.0,1278.0,OR-Tools
379008056_20_5,15.0,1358.0,OR-Tools
1866992158_20_5,15.0,1073.0,OR-Tools
216771124_20_5,15.0,1292.0,OR-Tools
495070989_20_5,15.0,1231.0,OR-Tools
402959317_20_5,15.0,1193.0,OR-Tools
1369363414_20_5,15.0,1234.0,OR-Tools
2021925980_20_5,15.0,1199.0,OR-Tools
573109518_20_5,15.0,1210.0,OR-Tools
88325120_20_5,15.0,1103.0,OR-Tools
896678084_100_5,15.0,5748.0,OR-Tools
1179439976_100_5,15.0,5656.0,OR-Tools
1122278347_100_5,15.0,5610.0,OR-Tools
416756875_100_5,15.0,5300.0,OR-Tools
267829958_100_5,15.0,5759.0,OR-Tools
1835213917_100_5,15.0,5602.0,OR-Tools
1328833962_100_5,15.0,5732.0,OR-Tools
1418570761_100_5,15.0,5397.0,OR-Tools
161033112_100_5,15.0,5936.0,OR-Tools
304212574_100_5,15.0,5623.0,OR-Tools
1539989115_100_10,15.0,6784.0,OR-Tools
655816003_100_10,15.0,6436.0,OR-Tools
960914243_100_10,15.0,6544.0,OR-Tools
1915696806_100_10,15.0,6797.0,OR-Tools
2013025619_100_10,15.0,6388.0,OR-Tools
1168140026_100_10,15.0,6270.0,OR-Tools
1923497586_100_10,15.0,6414.0,OR-Tools
167698528_100_10,15.0,6498.0,OR-Tools
1528387973_100_10,15.0,6575.0,OR-Tools
993794175_100_10,15.0,6635.0,OR-Tools
2013025619_200_20,15.0,13532.0,OR-Tools
475051709_200_20,15.0,13512.0,OR-Tools
914834335_200_20,15.0,13555.0,OR-Tools
810642687_200_20,15.0,13834.0,OR-Tools
1019331795_200_20,15.0,13450.0,OR-Tools
2056065863_200_20,15.0,13797.0,OR-Tools
1342855162_200_20,15.0,13775.0,OR-Tools
1325809384_200_20,15.0,13436.0,OR-Tools
1988803007_200_20,15.0,13426.0,OR-Tools
765656702_200_20,15.0,13748.0,OR-Tools
1328042058_50_5,50.0,2724.0,OR-Tools
200382020_50_5,50.0,2871.0,OR-Tools
496319842_50_5,50.0,2637.0,OR-Tools
1203030903_50_5,50.0,2810.0,OR-Tools
1730708564_50_5,50.0,2854.0,OR-Tools
450926852_50_5,50.0,2904.0,OR-Tools
1303135678_50_5,50.0,2773.0,OR-Tools
1273398721_50_5,50.0,2734.0,OR-Tools
587288402_50_5,50.0,2567.0,OR-Tools
248421594_50_5,50.0,2776.0,OR-Tools
1958948863_50_10,50.0,3382.0,OR-Tools
575633267_50_10,50.0,3269.0,OR-Tools
655816003_50_10,50.0,3230.0,OR-Tools
1977864101_50_10,50.0,3369.0,OR-Tools
93805469_50_10,50.0,3457.0,OR-Tools
1803345551_50_10,50.0,3325.0,OR-Tools
49612559_50_10,50.0,3518.0,OR-Tools
1899802599_50_10,50.0,3449.0,OR-Tools
2013025619_50_10,50.0,3258.0,OR-Tools
578962478_50_10,50.0,3450.0,OR-Tools
479340445_20_20,50.0,2341.0,OR-Tools
268827376_20_20,50.0,2240.0,OR-Tools
1958948863_20_20,50.0,2414.0,OR-Tools
918272953_20_20,50.0,2436.0,OR-Tools
555010963_20_20,50.0,2385.0,OR-Tools
2010851491_20_20,50.0,2372.0,OR-Tools
1519833303_20_20,50.0,2386.0,OR-Tools
1748670931_20_20,50.0,2276.0,OR-Tools
1923497586_20_20,50.0,2319.0,OR-Tools
1829909967_20_20,50.0,2266.0,OR-Tools
450926852_100_20,50.0,7684.0,OR-Tools
1462772409_100_20,50.0,7412.0,OR-Tools
1021685265_100_20,50.0,7550.0,OR-Tools
83696007_100_20,50.0,7392.0,OR-Tools
508154254_100_20,50.0,7639.0,OR-Tools
1861070898_100_20,50.0,7862.0,OR-Tools
26482542_100_20,50.0,7435.0,OR-Tools
444956424_100_20,50.0,7941.0,OR-Tools
2115448041_100_20,50.0,7747.0,OR-Tools
118254244_100_20,50.0,7638.0,OR-Tools
1368624604_500_20,50.0,30295.0,OR-Tools
450181436_500_20,50.0,30958.0,OR-Tools
1927888393_500_20,50.0,30629.0,OR-Tools
1759567256_500_20,50.0,30713.0,OR-Tools
606425239_500_20,50.0,30613.0,OR-Tools
19268348_500_20,50.0,30887.0,OR-Tools
1298201670_500_20,50.0,30806.0,OR-Tools
2041736264_500_20,50.0,30837.0,OR-Tools
379756761_500_20,50.0,30387.0,OR-Tools
28837162_500_20,50.0,30688.0,OR-Tools
587595453_20_10,50.0,1590.0,OR-Tools
1401007982_20_10,50.0,1713.0,OR-Tools
873136276_20_10,50.0,1534.0,OR-Tools
268827376_20_10,50.0,1426.0,OR-Tools
1634173168_20_10,50.0,1438.0,OR-Tools
691823909_20_10,50.0,1399.0,OR-Tools
73807235_20_10,50.0,1504.0,OR-Tools
1273398721_20_10,50.0,1564.0,OR-Tools
2065119309_20_10,50.0,1606.0,OR-Tools
1672900551_20_10,50.0,1652.0,OR-Tools
471503978_200_10,50.0,12164.0,OR-Tools
1215892992_200_10,50.0,12587.0,OR-Tools
135346136_200_10,50.0,12272.0,OR-Tools
1602504050_200_10,50.0,12023.0,OR-Tools
160037322_200_10,50.0,12199.0,OR-Tools
551454346_200_10,50.0,11956.0,OR-Tools
519485142_200_10,50.0,12513.0,OR-Tools
383947510_200_10,50.0,12289.0,OR-Tools
1968171878_200_10,50.0,11966.0,OR-Tools
540872513_200_10,50.0,12021.0,OR-Tools
1539989115_50_20,50.0,4788.0,OR-Tools
691823909_50_20,50.0,4320.0,OR-Tools
655816003_50_20,50.0,4419.0,OR-Tools
1315102446_50_20,50.0,4507.0,OR-Tools
1949668355_50_20,50.0,4459.0,OR-Tools
1923497586_50_20,50.0,4345.0,OR-Tools
1805594913_50_20,50.0,4339.0,OR-Tools
1861070898_50_20,50.0,4462.0,OR-Tools
715643788_50_20,50.0,4514.0,OR-Tools
464843328_50_20,50.0,4521.0,OR-Tools
873654221_20_5,50.0,1278.0,OR-Tools
379008056_20_5,50.0,1358.0,OR-Tools
1866992158_20_5,50.0,1073.0,OR-Tools
216771124_20_5,50.0,1292.0,OR-Tools
495070989_20_5,50.0,1231.0,OR-Tools
402959317_20_5,50.0,1193.0,OR-Tools
1369363414_20_5,50.0,1234.0,OR-Tools
2021925980_20_5,50.0,1199.0,OR-Tools
573109518_20_5,50.0,1210.0,OR-Tools
88325120_20_5,50.0,1103.0,OR-Tools
896678084_100_5,50.0,5713.0,OR-Tools
1179439976_100_5,50.0,5629.0,OR-Tools
1122278347_100_5,50.0,5535.0,OR-Tools
416756875_100_5,50.0,5142.0,OR-Tools
267829958_100_5,50.0,5605.0,OR-Tools
1835213917_100_5,50.0,5421.0,OR-Tools
1328833962_100_5,50.0,5724.0,OR-Tools
1418570761_100_5,50.0,5370.0,OR-Tools
161033112_100_5,50.0,5918.0,OR-Tools
304212574_100_5,50.0,5629.0,OR-Tools
1539989115_100_10,50.0,6758.0,OR-Tools
655816003_100_10,50.0,6309.0,OR-Tools
960914243_100_10,50.0,6446.0,OR-Tools
1915696806_100_10,50.0,6767.0,OR-Tools
2013025619_100_10,50.0,6388.0,OR-Tools
1168140026_100_10,50.0,6243.0,OR-Tools
1923497586_100_10,50.0,6387.0,OR-Tools
167698528_100_10,50.0,6469.0,OR-Tools
1528387973_100_10,50.0,6571.0,OR-Tools
993794175_100_10,50.0,6618.0,OR-Tools
2013025619_200_20,50.0,13555.0,OR-Tools
475051709_200_20,50.0,13440.0,OR-Tools
914834335_200_20,50.0,13572.0,OR-Tools
810642687_200_20,50.0,13831.0,OR-Tools
1019331795_200_20,50.0,13434.0,OR-Tools
2056065863_200_20,50.0,13795.0,OR-Tools
1342855162_200_20,50.0,13798.0,OR-Tools
1325809384_200_20,50.0,13413.0,OR-Tools
1988803007_200_20,50.0,13443.0,OR-Tools
765656702_200_20,50.0,13718.0,OR-Tools
1328042058_50_5,150.0,2724.0,OR-Tools
200382020_50_5,150.0,2836.0,OR-Tools
496319842_50_5,150.0,2625.0,OR-Tools
1203030903_50_5,150.0,2759.0,OR-Tools
1730708564_50_5,150.0,2853.0,OR-Tools
450926852_50_5,150.0,2852.0,OR-Tools
1303135678_50_5,150.0,2716.0,OR-Tools
1273398721_50_5,150.0,2690.0,OR-Tools
587288402_50_5,150.0,2545.0,OR-Tools
248421594_50_5,150.0,2776.0,OR-Tools
1958948863_50_10,150.0,3352.0,OR-Tools
575633267_50_10,150.0,3141.0,OR-Tools
655816003_50_10,150.0,3174.0,OR-Tools
1977864101_50_10,150.0,3229.0,OR-Tools
93805469_50_10,150.0,3259.0,OR-Tools
1803345551_50_10,150.0,3222.0,OR-Tools
49612559_50_10,150.0,3454.0,OR-Tools
1899802599_50_10,150.0,3345.0,OR-Tools
2013025619_50_10,150.0,3156.0,OR-Tools
578962478_50_10,150.0,3290.0,OR-Tools
479340445_20_20,150.0,2369.0,OR-Tools
268827376_20_20,150.0,2255.0,OR-Tools
1958948863_20_20,150.0,2355.0,OR-Tools
918272953_20_20,150.0,2328.0,OR-Tools
555010963_20_20,150.0,2355.0,OR-Tools
2010851491_20_20,150.0,2351.0,OR-Tools
1519833303_20_20,150.0,2375.0,OR-Tools
1748670931_20_20,150.0,2335.0,OR-Tools
1923497586_20_20,150.0,2348.0,OR-Tools
1829909967_20_20,150.0,2242.0,OR-Tools
450926852_100_20,150.0,7497.0,OR-Tools
1462772409_100_20,150.0,7307.0,OR-Tools
1021685265_100_20,150.0,7406.0,OR-Tools
83696007_100_20,150.0,7291.0,OR-Tools
508154254_100_20,150.0,7564.0,OR-Tools
1861070898_100_20,150.0,7781.0,OR-Tools
26482542_100_20,150.0,7360.0,OR-Tools
444956424_100_20,150.0,7888.0,OR-Tools
2115448041_100_20,150.0,7741.0,OR-Tools
118254244_100_20,150.0,7662.0,OR-Tools
1368624604_500_20,150.0,30253.0,OR-Tools
450181436_500_20,150.0,30946.0,OR-Tools
1927888393_500_20,150.0,30577.0,OR-Tools
1759567256_500_20,150.0,30621.0,OR-Tools
606425239_500_20,150.0,30561.0,OR-Tools
19268348_500_20,150.0,30901.0,OR-Tools
1298201670_500_20,150.0,30823.0,OR-Tools
2041736264_500_20,150.0,30866.0,OR-Tools
379756761_500_20,150.0,30412.0,OR-Tools
28837162_500_20,150.0,30693.0,OR-Tools
587595453_20_10,150.0,1586.0,OR-Tools
1401007982_20_10,150.0,1715.0,OR-Tools
873136276_20_10,150.0,1486.0,OR-Tools
268827376_20_10,150.0,1418.0,OR-Tools
1634173168_20_10,150.0,1419.0,OR-Tools
691823909_20_10,150.0,1390.0,OR-Tools
73807235_20_10,150.0,1485.0,OR-Tools
1273398721_20_10,150.0,1541.0,OR-Tools
2065119309_20_10,150.0,1593.0,OR-Tools
1672900551_20_10,150.0,1587.0,OR-Tools
471503978_200_10,150.0,12114.0,OR-Tools
1215892992_200_10,150.0,12514.0,OR-Tools
135346136_200_10,150.0,12190.0,OR-Tools
1602504050_200_10,150.0,12020.0,OR-Tools
160037322_200_10,150.0,12125.0,OR-Tools
551454346_200_10,150.0,11788.0,OR-Tools
519485142_200_10,150.0,12451.0,OR-Tools
383947510_200_10,150.0,12289.0,OR-Tools
1968171878_200_10,150.0,11953.0,OR-Tools
540872513_200_10,150.0,11910.0,OR-Tools
1539989115_50_20,150.0,4662.0,OR-Tools
691823909_50_20,150.0,4286.0,OR-Tools
655816003_50_20,150.0,4467.0,OR-Tools
1315102446_50_20,150.0,4438.0,OR-Tools
1949668355_50_20,150.0,4398.0,OR-Tools
1923497586_50_20,150.0,4216.0,OR-Tools
1805594913_50_20,150.0,4289.0,OR-Tools
1861070898_50_20,150.0,4378.0,OR-Tools
715643788_50_20,150.0,4401.0,OR-Tools
464843328_50_20,150.0,4389.0,OR-Tools
873654221_20_5,150.0,1278.0,OR-Tools
379008056_20_5,150.0,1358.0,OR-Tools
1866992158_20_5,150.0,1073.0,OR-Tools
216771124_20_5,150.0,1292.0,OR-Tools
495070989_20_5,150.0,1231.0,OR-Tools
402959317_20_5,150.0,1193.0,OR-Tools
1369363414_20_5,150.0,1234.0,OR-Tools
2021925980_20_5,150.0,1199.0,OR-Tools
573109518_20_5,150.0,1210.0,OR-Tools
88325120_20_5,150.0,1103.0,OR-Tools
896678084_100_5,150.0,5587.0,OR-Tools
1179439976_100_5,150.0,5576.0,OR-Tools
1122278347_100_5,150.0,5437.0,OR-Tools
416756875_100_5,150.0,5190.0,OR-Tools
267829958_100_5,150.0,5447.0,OR-Tools
1835213917_100_5,150.0,5329.0,OR-Tools
1328833962_100_5,150.0,5369.0,OR-Tools
1418570761_100_5,150.0,5327.0,OR-Tools
161033112_100_5,150.0,5678.0,OR-Tools
304212574_100_5,150.0,5454.0,OR-Tools
1539989115_100_10,150.0,6697.0,OR-Tools
655816003_100_10,150.0,6273.0,OR-Tools
960914243_100_10,150.0,6402.0,OR-Tools
1915696806_100_10,150.0,6725.0,OR-Tools
2013025619_100_10,150.0,6337.0,OR-Tools
1168140026_100_10,150.0,6079.0,OR-Tools
1923497586_100_10,150.0,6293.0,OR-Tools
167698528_100_10,150.0,6437.0,OR-Tools
1528387973_100_10,150.0,6510.0,OR-Tools
993794175_100_10,150.0,6507.0,OR-Tools
2013025619_200_20,150.0,13464.0,OR-Tools
475051709_200_20,150.0,13435.0,OR-Tools
914834335_200_20,150.0,13498.0,OR-Tools
810642687_200_20,150.0,13810.0,OR-Tools
1019331795_200_20,150.0,13397.0,OR-Tools
2056065863_200_20,150.0,13693.0,OR-Tools
1342855162_200_20,150.0,13749.0,OR-Tools
1325809384_200_20,150.0,13378.0,OR-Tools
1988803007_200_20,150.0,13451.0,OR-Tools
765656702_200_20,150.0,13684.0,OR-Tools
1328042058_50_5,300.0,2724.0,OR-Tools
200382020_50_5,300.0,2834.0,OR-Tools
496319842_50_5,300.0,2629.0,OR-Tools
1203030903_50_5,300.0,2751.0,OR-Tools
1730708564_50_5,300.0,2853.0,OR-Tools
450926852_50_5,300.0,2825.0,OR-Tools
1303135678_50_5,300.0,2716.0,OR-Tools
1273398721_50_5,300.0,2683.0,OR-Tools
587288402_50_5,300.0,2554.0,OR-Tools
248421594_50_5,300.0,2776.0,OR-Tools
1958948863_50_10,300.0,3233.0,OR-Tools
575633267_50_10,300.0,3116.0,OR-Tools
655816003_50_10,300.0,3135.0,OR-Tools
1977864101_50_10,300.0,3176.0,OR-Tools
93805469_50_10,300.0,3258.0,OR-Tools
1803345551_50_10,300.0,3203.0,OR-Tools
49612559_50_10,300.0,3331.0,OR-Tools
1899802599_50_10,300.0,3219.0,OR-Tools
2013025619_50_10,300.0,3098.0,OR-Tools
578962478_50_10,300.0,3224.0,OR-Tools
479340445_20_20,300.0,2327.0,OR-Tools
268827376_20_20,300.0,2208.0,OR-Tools
1958948863_20_20,300.0,2315.0,OR-Tools
918272953_20_20,300.0,2269.0,OR-Tools
555010963_20_20,300.0,2346.0,OR-Tools
2010851491_20_20,300.0,2214.0,OR-Tools
1519833303_20_20,300.0,2333.0,OR-Tools
1748670931_20_20,300.0,2272.0,OR-Tools
1923497586_20_20,300.0,2298.0,OR-Tools
1829909967_20_20,300.0,2261.0,OR-Tools
450926852_100_20,300.0,7497.0,OR-Tools
1462772409_100_20,300.0,7338.0,OR-Tools
1021685265_100_20,300.0,7409.0,OR-Tools
83696007_100_20,300.0,7264.0,OR-Tools
508154254_100_20,300.0,7562.0,OR-Tools
1861070898_100_20,300.0,7683.0,OR-Tools
26482542_100_20,300.0,7355.0,OR-Tools
444956424_100_20,300.0,7825.0,OR-Tools
2115448041_100_20,300.0,7674.0,OR-Tools
118254244_100_20,300.0,7612.0,OR-Tools
1368624604_500_20,300.0,30259.0,OR-Tools
450181436_500_20,300.0,30943.0,OR-Tools
1927888393_500_20,300.0,30576.0,OR-Tools
1759567256_500_20,300.0,30619.0,OR-Tools
606425239_500_20,300.0,30533.0,OR-Tools
19268348_500_20,300.0,30857.0,OR-Tools
1298201670_500_20,300.0,30695.0,OR-Tools
2041736264_500_20,300.0,30824.0,OR-Tools
379756761_500_20,300.0,30384.0,OR-Tools
28837162_500_20,300.0,30678.0,OR-Tools
587595453_20_10,300.0,1586.0,OR-Tools
1401007982_20_10,300.0,1672.0,OR-Tools
873136276_20_10,300.0,1507.0,OR-Tools
268827376_20_10,300.0,1388.0,OR-Tools
1634173168_20_10,300.0,1411.0,OR-Tools
691823909_20_10,300.0,1388.0,OR-Tools
73807235_20_10,300.0,1446.0,OR-Tools
1273398721_20_10,300.0,1541.0,OR-Tools
2065119309_20_10,300.0,1586.0,OR-Tools
1672900551_20_10,300.0,1618.0,OR-Tools
471503978_200_10,300.0,12070.0,OR-Tools
1215892992_200_10,300.0,12478.0,OR-Tools
135346136_200_10,300.0,12180.0,OR-Tools
1602504050_200_10,300.0,11981.0,OR-Tools
160037322_200_10,300.0,12044.0,OR-Tools
551454346_200_10,300.0,11679.0,OR-Tools
519485142_200_10,300.0,12386.0,OR-Tools
383947510_200_10,300.0,12237.0,OR-Tools
1968171878_200_10,300.0,11904.0,OR-Tools
540872513_200_10,300.0,11815.0,OR-Tools
1539989115_50_20,300.0,4508.0,OR-Tools
691823909_50_20,300.0,4171.0,OR-Tools
655816003_50_20,300.0,4118.0,OR-Tools
1315102446_50_20,300.0,4393.0,OR-Tools
1949668355_50_20,300.0,4297.0,OR-Tools
1923497586_50_20,300.0,4181.0,OR-Tools
1805594913_50_20,300.0,4207.0,OR-Tools
1861070898_50_20,300.0,4193.0,OR-Tools
715643788_50_20,300.0,4247.0,OR-Tools
464843328_50_20,300.0,4288.0,OR-Tools
873654221_20_5,300.0,1278.0,OR-Tools
379008056_20_5,300.0,1358.0,OR-Tools
1866992158_20_5,300.0,1073.0,OR-Tools
216771124_20_5,300.0,1292.0,OR-Tools
495070989_20_5,300.0,1231.0,OR-Tools
402959317_20_5,300.0,1193.0,OR-Tools
1369363414_20_5,300.0,1234.0,OR-Tools
2021925980_20_5,300.0,1199.0,OR-Tools
573109518_20_5,300.0,1210.0,OR-Tools
88325120_20_5,300.0,1103.0,OR-Tools
896678084_100_5,300.0,5505.0,OR-Tools
1179439976_100_5,300.0,5433.0,OR-Tools
1122278347_100_5,300.0,5316.0,OR-Tools
416756875_100_5,300.0,5077.0,OR-Tools
267829958_100_5,300.0,5443.0,OR-Tools
1835213917_100_5,300.0,5165.0,OR-Tools
1328833962_100_5,300.0,5320.0,OR-Tools
1418570761_100_5,300.0,5267.0,OR-Tools
161033112_100_5,300.0,5587.0,OR-Tools
304212574_100_5,300.0,5488.0,OR-Tools
1539989115_100_10,300.0,6618.0,OR-Tools
655816003_100_10,300.0,6102.0,OR-Tools
960914243_100_10,300.0,6279.0,OR-Tools
1915696806_100_10,300.0,6585.0,OR-Tools
2013025619_100_10,300.0,6139.0,OR-Tools
1168140026_100_10,300.0,5884.0,OR-Tools
1923497586_100_10,300.0,6055.0,OR-Tools
167698528_100_10,300.0,6348.0,OR-Tools
1528387973_100_10,300.0,6427.0,OR-Tools
993794175_100_10,300.0,6337.0,OR-Tools
2013025619_200_20,300.0,13380.0,OR-Tools
475051709_200_20,300.0,13343.0,OR-Tools
914834335_200_20,300.0,13432.0,OR-Tools
810642687_200_20,300.0,13748.0,OR-Tools
1019331795_200_20,300.0,13302.0,OR-Tools
2056065863_200_20,300.0,13644.0,OR-Tools
1342855162_200_20,300.0,13660.0,OR-Tools
1325809384_200_20,300.0,13288.0,OR-Tools
1988803007_200_20,300.0,13403.0,OR-Tools
765656702_200_20,300.0,13615.0,OR-Tools
1328042058_50_5,15.0,3095.0,COIN-OR
200382020_50_5,15.0,3515.0,COIN-OR
496319842_50_5,15.0,2900.0,COIN-OR
1203030903_50_5,15.0,3073.0,COIN-OR
1730708564_50_5,15.0,3071.0,COIN-OR
450926852_50_5,15.0,3195.0,COIN-OR
1303135678_50_5,15.0,3450.0,COIN-OR
1273398721_50_5,15.0,3140.0,COIN-OR
587288402_50_5,15.0,2930.0,COIN-OR
248421594_50_5,15.0,3188.0,COIN-OR
1958948863_50_10,15.0,3754.0,COIN-OR
575633267_50_10,15.0,3685.0,COIN-OR
655816003_50_10,15.0,3612.0,COIN-OR
1977864101_50_10,15.0,3669.0,COIN-OR
93805469_50_10,15.0,3741.0,COIN-OR
1803345551_50_10,15.0,3736.0,COIN-OR
49612559_50_10,15.0,3678.0,COIN-OR
1899802599_50_10,15.0,3773.0,COIN-OR
2013025619_50_10,15.0,3792.0,COIN-OR
578962478_50_10,15.0,3845.0,COIN-OR
479340445_20_20,15.0,2770.0,COIN-OR
268827376_20_20,15.0,2543.0,COIN-OR
1958948863_20_20,15.0,2625.0,COIN-OR
918272953_20_20,15.0,2800.0,COIN-OR
555010963_20_20,15.0,2829.0,COIN-OR
2010851491_20_20,15.0,2597.0,COIN-OR
1519833303_20_20,15.0,2723.0,COIN-OR
1748670931_20_20,15.0,2697.0,COIN-OR
1923497586_20_20,15.0,2713.0,COIN-OR
1829909967_20_20,15.0,2632.0,COIN-OR
450926852_100_20,15.0,7591.0,COIN-OR
1462772409_100_20,15.0,7669.0,COIN-OR
1021685265_100_20,15.0,8119.0,COIN-OR
83696007_100_20,15.0,7755.0,COIN-OR
508154254_100_20,15.0,7988.0,COIN-OR
1861070898_100_20,15.0,8131.0,COIN-OR
26482542_100_20,15.0,8107.0,COIN-OR
444956424_100_20,15.0,7957.0,COIN-OR
2115448041_100_20,15.0,7764.0,COIN-OR
118254244_100_20,15.0,7826.0,COIN-OR
873654221_20_5,15.0,1448.0,COIN-OR
379008056_20_5,15.0,1545.0,COIN-OR
1866992158_20_5,15.0,1446.0,COIN-OR
216771124_20_5,15.0,1571.0,COIN-OR
495070989_20_5,15.0,1430.0,COIN-OR
402959317_20_5,15.0,1616.0,COIN-OR
1369363414_20_5,15.0,1528.0,COIN-OR
2021925980_20_5,15.0,1428.0,COIN-OR
573109518_20_5,15.0,1372.0,COIN-OR
88325120_20_5,15.0,1404.0,COIN-OR
587595453_20_10,15.0,1802.0,COIN-OR
1401007982_20_10,15.0,2104.0,COIN-OR
873136276_20_10,15.0,1812.0,COIN-OR
268827376_20_10,15.0,1726.0,COIN-OR
1634173168_20_10,15.0,1944.0,COIN-OR
691823909_20_10,15.0,1877.0,COIN-OR
73807235_20_10,15.0,1935.0,COIN-OR
1273398721_20_10,15.0,2044.0,COIN-OR
2065119309_20_10,15.0,1842.0,COIN-OR
1672900551_20_10,15.0,2051.0,COIN-OR
1539989115_50_20,15.0,5094.0,COIN-OR
691823909_50_20,15.0,4730.0,COIN-OR
655816003_50_20,15.0,4592.0,COIN-OR
1315102446_50_20,15.0,4797.0,COIN-OR
1949668355_50_20,15.0,4748.0,COIN-OR
1923497586_50_20,15.0,4946.0,COIN-OR
1805594913_50_20,15.0,4742.0,COIN-OR
1861070898_50_20,15.0,4763.0,COIN-OR
715643788_50_20,15.0,4823.0,COIN-OR
464843328_50_20,15.0,4901.0,COIN-OR
896678084_100_5,15.0,6225.0,COIN-OR
1179439976_100_5,15.0,5878.0,COIN-OR
1122278347_100_5,15.0,5880.0,COIN-OR
416756875_100_5,15.0,5675.0,COIN-OR
267829958_100_5,15.0,5977.0,COIN-OR
1835213917_100_5,15.0,5753.0,COIN-OR
1328833962_100_5,15.0,6142.0,COIN-OR
1418570761_100_5,15.0,6068.0,COIN-OR
161033112_100_5,15.0,6123.0,COIN-OR
304212574_100_5,15.0,6157.0,COIN-OR
1539989115_100_10,15.0,6740.0,COIN-OR
655816003_100_10,15.0,6358.0,COIN-OR
960914243_100_10,15.0,6655.0,COIN-OR
1915696806_100_10,15.0,6684.0,COIN-OR
2013025619_100_10,15.0,6668.0,COIN-OR
1168140026_100_10,15.0,6345.0,COIN-OR
1923497586_100_10,15.0,6155.0,COIN-OR
167698528_100_10,15.0,6608.0,COIN-OR
1528387973_100_10,15.0,7133.0,COIN-OR
993794175_100_10,15.0,6692.0,COIN-OR
471503978_200_10,15.0,12101.0,COIN-OR
1215892992_200_10,15.0,12005.0,COIN-OR
135346136_200_10,15.0,11897.0,COIN-OR
1602504050_200_10,15.0,12486.0,COIN-OR
160037322_200_10,15.0,12150.0,COIN-OR
551454346_200_10,15.0,12138.0,COIN-OR
519485142_200_10,15.0,12439.0,COIN-OR
383947510_200_10,15.0,12559.0,COIN-OR
1968171878_200_10,15.0,12355.0,COIN-OR
540872513_200_10,15.0,12358.0,COIN-OR
2013025619_200_20,15.0,13934.0,COIN-OR
475051709_200_20,15.0,13832.0,COIN-OR
914834335_200_20,15.0,13977.0,COIN-OR
810642687_200_20,15.0,13377.0,COIN-OR
1019331795_200_20,15.0,13315.0,COIN-OR
2056065863_200_20,15.0,13534.0,COIN-OR
1342855162_200_20,15.0,13538.0,COIN-OR
1325809384_200_20,15.0,13513.0,COIN-OR
1988803007_200_20,15.0,13594.0,COIN-OR
765656702_200_20,15.0,13365.0,COIN-OR
1328042058_50_5,50.0,3095.0,COIN-OR
200382020_50_5,50.0,3515.0,COIN-OR
496319842_50_5,50.0,2900.0,COIN-OR
1203030903_50_5,50.0,3073.0,COIN-OR
1730708564_50_5,50.0,3071.0,COIN-OR
450926852_50_5,50.0,3195.0,COIN-OR
1303135678_50_5,50.0,3450.0,COIN-OR
1273398721_50_5,50.0,3140.0,COIN-OR
587288402_50_5,50.0,2930.0,COIN-OR
248421594_50_5,50.0,3188.0,COIN-OR
1958948863_50_10,50.0,3754.0,COIN-OR
575633267_50_10,50.0,3685.0,COIN-OR
655816003_50_10,50.0,3612.0,COIN-OR
1977864101_50_10,50.0,3669.0,COIN-OR
93805469_50_10,50.0,3741.0,COIN-OR
1803345551_50_10,50.0,3736.0,COIN-OR
49612559_50_10,50.0,3678.0,COIN-OR
1899802599_50_10,50.0,3773.0,COIN-OR
2013025619_50_10,50.0,3792.0,COIN-OR
578962478_50_10,50.0,3845.0,COIN-OR
479340445_20_20,50.0,2770.0,COIN-OR
268827376_20_20,50.0,2543.0,COIN-OR
1958948863_20_20,50.0,2625.0,COIN-OR
918272953_20_20,50.0,2800.0,COIN-OR
555010963_20_20,50.0,2763.0,COIN-OR
2010851491_20_20,50.0,2597.0,COIN-OR
1519833303_20_20,50.0,2723.0,COIN-OR
1748670931_20_20,50.0,2697.0,COIN-OR
1923497586_20_20,50.0,2713.0,COIN-OR
1829909967_20_20,50.0,2446.0,COIN-OR
450926852_100_20,50.0,7591.0,COIN-OR
1462772409_100_20,50.0,7669.0,COIN-OR
1021685265_100_20,50.0,8119.0,COIN-OR
83696007_100_20,50.0,7755.0,COIN-OR
508154254_100_20,50.0,7988.0,COIN-OR
1861070898_100_20,50.0,8131.0,COIN-OR
26482542_100_20,50.0,8107.0,COIN-OR
444956424_100_20,50.0,7957.0,COIN-OR
2115448041_100_20,50.0,7764.0,COIN-OR
118254244_100_20,50.0,7826.0,COIN-OR
873654221_20_5,50.0,1448.0,COIN-OR
379008056_20_5,50.0,1491.0,COIN-OR
1866992158_20_5,50.0,1275.0,COIN-OR
216771124_20_5,50.0,1476.0,COIN-OR
495070989_20_5,50.0,1430.0,COIN-OR
402959317_20_5,50.0,1616.0,COIN-OR
1369363414_20_5,50.0,1400.0,COIN-OR
2021925980_20_5,50.0,1428.0,COIN-OR
573109518_20_5,50.0,1372.0,COIN-OR
88325120_20_5,50.0,1355.0,COIN-OR
587595453_20_10,50.0,1802.0,COIN-OR
1401007982_20_10,50.0,2104.0,COIN-OR
873136276_20_10,50.0,1687.0,COIN-OR
268827376_20_10,50.0,1726.0,COIN-OR
1634173168_20_10,50.0,1631.0,COIN-OR
691823909_20_10,50.0,1607.0,COIN-OR
73807235_20_10,50.0,1935.0,COIN-OR
1273398721_20_10,50.0,2044.0,COIN-OR
2065119309_20_10,50.0,1842.0,COIN-OR
1672900551_20_10,50.0,2051.0,COIN-OR
1539989115_50_20,50.0,5094.0,COIN-OR
691823909_50_20,50.0,4730.0,COIN-OR
655816003_50_20,50.0,4592.0,COIN-OR
1315102446_50_20,50.0,4797.0,COIN-OR
1949668355_50_20,50.0,4748.0,COIN-OR
1923497586_50_20,50.0,4946.0,COIN-OR
1805594913_50_20,50.0,4742.0,COIN-OR
1861070898_50_20,50.0,4763.0,COIN-OR
715643788_50_20,50.0,4823.0,COIN-OR
464843328_50_20,50.0,4901.0,COIN-OR
896678084_100_5,50.0,5887.0,COIN-OR
1179439976_100_5,50.0,5878.0,COIN-OR
1122278347_100_5,50.0,5880.0,COIN-OR
416756875_100_5,50.0,5675.0,COIN-OR
267829958_100_5,50.0,6202.0,COIN-OR
1835213917_100_5,50.0,5753.0,COIN-OR
1328833962_100_5,50.0,5959.0,COIN-OR
1418570761_100_5,50.0,6068.0,COIN-OR
161033112_100_5,50.0,6262.0,COIN-OR
304212574_100_5,50.0,6157.0,COIN-OR
1539989115_100_10,50.0,6740.0,COIN-OR
655816003_100_10,50.0,6358.0,COIN-OR
960914243_100_10,50.0,6655.0,COIN-OR
1915696806_100_10,50.0,6684.0,COIN-OR
2013025619_100_10,50.0,6668.0,COIN-OR
1168140026_100_10,50.0,6345.0,COIN-OR
1923497586_100_10,50.0,6155.0,COIN-OR
167698528_100_10,50.0,6608.0,COIN-OR
1528387973_100_10,50.0,7133.0,COIN-OR
993794175_100_10,50.0,6692.0,COIN-OR
471503978_200_10,50.0,12101.0,COIN-OR
1215892992_200_10,50.0,12005.0,COIN-OR
135346136_200_10,50.0,11897.0,COIN-OR
1602504050_200_10,50.0,12486.0,COIN-OR
160037322_200_10,50.0,12150.0,COIN-OR
551454346_200_10,50.0,12138.0,COIN-OR
519485142_200_10,50.0,12439.0,COIN-OR
383947510_200_10,50.0,12559.0,COIN-OR
1968171878_200_10,50.0,12355.0,COIN-OR
540872513_200_10,50.0,12358.0,COIN-OR
2013025619_200_20,50.0,13934.0,COIN-OR
475051709_200_20,50.0,13832.0,COIN-OR
914834335_200_20,50.0,13977.0,COIN-OR
810642687_200_20,50.0,13377.0,COIN-OR
1019331795_200_20,50.0,13315.0,COIN-OR
2056065863_200_20,50.0,13534.0,COIN-OR
1342855162_200_20,50.0,13538.0,COIN-OR
1325809384_200_20,50.0,13513.0,COIN-OR
1988803007_200_20,50.0,13594.0,COIN-OR
765656702_200_20,50.0,13365.0,COIN-OR
1328042058_50_5,150.0,3095.0,COIN-OR
200382020_50_5,150.0,3515.0,COIN-OR
496319842_50_5,150.0,2900.0,COIN-OR
1203030903_50_5,150.0,3073.0,COIN-OR
1730708564_50_5,150.0,3071.0,COIN-OR
450926852_50_5,150.0,3195.0,COIN-OR
1303135678_50_5,150.0,3450.0,COIN-OR
1273398721_50_5,150.0,3140.0,COIN-OR
587288402_50_5,150.0,2930.0,COIN-OR
248421594_50_5,150.0,3188.0,COIN-OR
1958948863_50_10,150.0,3754.0,COIN-OR
575633267_50_10,150.0,3685.0,COIN-OR
655816003_50_10,150.0,3612.0,COIN-OR
1977864101_50_10,150.0,3669.0,COIN-OR
93805469_50_10,150.0,3741.0,COIN-OR
1803345551_50_10,150.0,3736.0,COIN-OR
49612559_50_10,150.0,3678.0,COIN-OR
1899802599_50_10,150.0,3773.0,COIN-OR
2013025619_50_10,150.0,3792.0,COIN-OR
578962478_50_10,150.0,3845.0,COIN-OR
479340445_20_20,150.0,2558.0,COIN-OR
268827376_20_20,150.0,2425.0,COIN-OR
1958948863_20_20,150.0,2607.0,COIN-OR
918272953_20_20,150.0,2606.0,COIN-OR
555010963_20_20,150.0,2724.0,COIN-OR
2010851491_20_20,150.0,2594.0,COIN-OR
1519833303_20_20,150.0,2655.0,COIN-OR
1748670931_20_20,150.0,2328.0,COIN-OR
1923497586_20_20,150.0,2497.0,COIN-OR
1829909967_20_20,150.0,2446.0,COIN-OR
450926852_100_20,150.0,7591.0,COIN-OR
1462772409_100_20,150.0,7669.0,COIN-OR
1021685265_100_20,150.0,8119.0,COIN-OR
83696007_100_20,150.0,7755.0,COIN-OR
508154254_100_20,150.0,7988.0,COIN-OR
1861070898_100_20,150.0,8131.0,COIN-OR
26482542_100_20,150.0,8107.0,COIN-OR
444956424_100_20,150.0,7957.0,COIN-OR
2115448041_100_20,150.0,7764.0,COIN-OR
118254244_100_20,150.0,7826.0,COIN-OR
873654221_20_5,150.0,1438.0,COIN-OR
379008056_20_5,150.0,1491.0,COIN-OR
1866992158_20_5,150.0,1275.0,COIN-OR
216771124_20_5,150.0,1463.0,COIN-OR
495070989_20_5,150.0,1430.0,COIN-OR
402959317_20_5,150.0,1336.0,COIN-OR
1369363414_20_5,150.0,1400.0,COIN-OR
2021925980_20_5,150.0,1420.0,COIN-OR
573109518_20_5,150.0,1368.0,COIN-OR
88325120_20_5,150.0,1355.0,COIN-OR
587595453_20_10,150.0,1802.0,COIN-OR
1401007982_20_10,150.0,1985.0,COIN-OR
873136276_20_10,150.0,1674.0,COIN-OR
268827376_20_10,150.0,1654.0,COIN-OR
1634173168_20_10,150.0,1631.0,COIN-OR
691823909_20_10,150.0,1524.0,COIN-OR
73807235_20_10,150.0,1632.0,COIN-OR
1273398721_20_10,150.0,1830.0,COIN-OR
2065119309_20_10,150.0,1751.0,COIN-OR
1672900551_20_10,150.0,1800.0,COIN-OR
1539989115_50_20,150.0,5094.0,COIN-OR
691823909_50_20,150.0,4730.0,COIN-OR
655816003_50_20,150.0,4592.0,COIN-OR
1315102446_50_20,150.0,4797.0,COIN-OR
1949668355_50_20,150.0,4748.0,COIN-OR
1923497586_50_20,150.0,4946.0,COIN-OR
1805594913_50_20,150.0,4742.0,COIN-OR
1861070898_50_20,150.0,4763.0,COIN-OR
715643788_50_20,150.0,4823.0,COIN-OR
464843328_50_20,150.0,4901.0,COIN-OR
896678084_100_5,150.0,5887.0,COIN-OR
1179439976_100_5,150.0,5878.0,COIN-OR
1122278347_100_5,150.0,5880.0,COIN-OR
416756875_100_5,150.0,5675.0,COIN-OR
267829958_100_5,150.0,6202.0,COIN-OR
1835213917_100_5,150.0,5753.0,COIN-OR
1328833962_100_5,150.0,5959.0,COIN-OR
1418570761_100_5,150.0,6068.0,COIN-OR
161033112_100_5,150.0,6262.0,COIN-OR
304212574_100_5,150.0,6157.0,COIN-OR
1539989115_100_10,150.0,6740.0,COIN-OR
655816003_100_10,150.0,6358.0,COIN-OR
960914243_100_10,150.0,6655.0,COIN-OR
1915696806_100_10,150.0,6684.0,COIN-OR
2013025619_100_10,150.0,6668.0,COIN-OR
1168140026_100_10,150.0,6345.0,COIN-OR
1923497586_100_10,150.0,6155.0,COIN-OR
167698528_100_10,150.0,6608.0,COIN-OR
1528387973_100_10,150.0,7133.0,COIN-OR
993794175_100_10,150.0,6692.0,COIN-OR
471503978_200_10,150.0,12101.0,COIN-OR
1215892992_200_10,150.0,12005.0,COIN-OR
135346136_200_10,150.0,11897.0,COIN-OR
1602504050_200_10,150.0,12486.0,COIN-OR
160037322_200_10,150.0,12150.0,COIN-OR
551454346_200_10,150.0,12138.0,COIN-OR
519485142_200_10,150.0,12439.0,COIN-OR
383947510_200_10,150.0,12559.0,COIN-OR
1968171878_200_10,150.0,12355.0,COIN-OR
540872513_200_10,150.0,12358.0,COIN-OR
2013025619_200_20,150.0,13934.0,COIN-OR
475051709_200_20,150.0,13832.0,COIN-OR
914834335_200_20,150.0,13977.0,COIN-OR
810642687_200_20,150.0,13377.0,COIN-OR
1019331795_200_20,150.0,13315.0,COIN-OR
2056065863_200_20,150.0,13534.0,COIN-OR
1342855162_200_20,150.0,13538.0,COIN-OR
1325809384_200_20,150.0,13513.0,COIN-OR
1988803007_200_20,150.0,13594.0,COIN-OR
765656702_200_20,150.0,13365.0,COIN-OR
1328042058_50_5,300.0,3095.0,COIN-OR
200382020_50_5,300.0,3515.0,COIN-OR
496319842_50_5,300.0,2900.0,COIN-OR
1203030903_50_5,300.0,3073.0,COIN-OR
1730708564_50_5,300.0,3071.0,COIN-OR
450926852_50_5,300.0,3195.0,COIN-OR
1303135678_50_5,300.0,3450.0,COIN-OR
1273398721_50_5,300.0,3140.0,COIN-OR
587288402_50_5,300.0,2930.0,COIN-OR
248421594_50_5,300.0,3188.0,COIN-OR
1958948863_50_10,300.0,3754.0,COIN-OR
575633267_50_10,300.0,3685.0,COIN-OR
655816003_50_10,300.0,3612.0,COIN-OR
1977864101_50_10,300.0,3669.0,COIN-OR
93805469_50_10,300.0,3741.0,COIN-OR
1803345551_50_10,300.0,3736.0,COIN-OR
49612559_50_10,300.0,3678.0,COIN-OR
1899802599_50_10,300.0,3773.0,COIN-OR
2013025619_50_10,300.0,3792.0,COIN-OR
578962478_50_10,300.0,3845.0,COIN-OR
479340445_20_20,300.0,2586.0,COIN-OR
268827376_20_20,300.0,2425.0,COIN-OR
1958948863_20_20,300.0,2624.0,COIN-OR
918272953_20_20,300.0,2614.0,COIN-OR
555010963_20_20,300.0,2763.0,COIN-OR
2010851491_20_20,300.0,2594.0,COIN-OR
1519833303_20_20,300.0,2655.0,COIN-OR
1748670931_20_20,300.0,2328.0,COIN-OR
1923497586_20_20,300.0,2497.0,COIN-OR
1829909967_20_20,300.0,2446.0,COIN-OR
450926852_100_20,300.0,7591.0,COIN-OR
1462772409_100_20,300.0,7669.0,COIN-OR
1021685265_100_20,300.0,8119.0,COIN-OR
83696007_100_20,300.0,7755.0,COIN-OR
508154254_100_20,300.0,7988.0,COIN-OR
1861070898_100_20,300.0,8131.0,COIN-OR
26482542_100_20,300.0,8107.0,COIN-OR
444956424_100_20,300.0,7957.0,COIN-OR
2115448041_100_20,300.0,7764.0,COIN-OR
118254244_100_20,300.0,7826.0,COIN-OR
873654221_20_5,300.0,1367.0,COIN-OR
379008056_20_5,300.0,1452.0,COIN-OR
1866992158_20_5,300.0,1269.0,COIN-OR
216771124_20_5,300.0,1463.0,COIN-OR
495070989_20_5,300.0,1384.0,COIN-OR
402959317_20_5,300.0,1336.0,COIN-OR
1369363414_20_5,300.0,1367.0,COIN-OR
2021925980_20_5,300.0,1420.0,COIN-OR
573109518_20_5,300.0,1359.0,COIN-OR
88325120_20_5,300.0,1306.0,COIN-OR
587595453_20_10,300.0,1799.0,COIN-OR
1401007982_20_10,300.0,1952.0,COIN-OR
873136276_20_10,300.0,1674.0,COIN-OR
268827376_20_10,300.0,1654.0,COIN-OR
1634173168_20_10,300.0,1622.0,COIN-OR
691823909_20_10,300.0,1524.0,COIN-OR
73807235_20_10,300.0,1632.0,COIN-OR
1273398721_20_10,300.0,1811.0,COIN-OR
2065119309_20_10,300.0,1751.0,COIN-OR
1672900551_20_10,300.0,1796.0,COIN-OR
1539989115_50_20,300.0,5094.0,COIN-OR
691823909_50_20,300.0,4730.0,COIN-OR
655816003_50_20,300.0,4592.0,COIN-OR
1315102446_50_20,300.0,4797.0,COIN-OR
1949668355_50_20,300.0,4748.0,COIN-OR
1923497586_50_20,300.0,4946.0,COIN-OR
1805594913_50_20,300.0,4742.0,COIN-OR
1861070898_50_20,300.0,4763.0,COIN-OR
715643788_50_20,300.0,4823.0,COIN-OR
464843328_50_20,300.0,4901.0,COIN-OR
896678084_100_5,300.0,5887.0,COIN-OR
1179439976_100_5,300.0,5878.0,COIN-OR
1122278347_100_5,300.0,5880.0,COIN-OR
416756875_100_5,300.0,5675.0,COIN-OR
267829958_100_5,300.0,6202.0,COIN-OR
1835213917_100_5,300.0,5753.0,COIN-OR
1328833962_100_5,300.0,5959.0,COIN-OR
1418570761_100_5,300.0,6068.0,COIN-OR
161033112_100_5,300.0,6262.0,COIN-OR
304212574_100_5,300.0,6157.0,COIN-OR
1539989115_100_10,300.0,6990.0,COIN-OR
655816003_100_10,300.0,6558.0,COIN-OR
960914243_100_10,300.0,6700.0,COIN-OR
1915696806_100_10,300.0,7296.0,COIN-OR
2013025619_100_10,300.0,6846.0,COIN-OR
1168140026_100_10,300.0,6574.0,COIN-OR
1923497586_100_10,300.0,6642.0,COIN-OR
167698528_100_10,300.0,6761.0,COIN-OR
1528387973_100_10,300.0,6922.0,COIN-OR
993794175_100_10,300.0,6879.0,COIN-OR
471503978_200_10,300.0,12101.0,COIN-OR
1215892992_200_10,300.0,12796.0,COIN-OR
135346136_200_10,300.0,11897.0,COIN-OR
1602504050_200_10,300.0,12486.0,COIN-OR
160037322_200_10,300.0,12150.0,COIN-OR
551454346_200_10,300.0,12116.0,COIN-OR
519485142_200_10,300.0,12439.0,COIN-OR
383947510_200_10,300.0,12559.0,COIN-OR
1968171878_200_10,300.0,12355.0,COIN-OR
540872513_200_10,300.0,12274.0,COIN-OR
2013025619_200_20,300.0,13934.0,COIN-OR
475051709_200_20,300.0,13832.0,COIN-OR
914834335_200_20,300.0,13977.0,COIN-OR
810642687_200_20,300.0,13377.0,COIN-OR
1019331795_200_20,300.0,13315.0,COIN-OR
2056065863_200_20,300.0,13534.0,COIN-OR
1342855162_200_20,300.0,13538.0,COIN-OR
1325809384_200_20,300.0,13513.0,COIN-OR
1988803007_200_20,300.0,13594.0,COIN-OR
765656702_200_20,300.0,13365.0,COIN-OR
